run_accession	run_alias	experiment_accession	library_layout	fastq_url	fastq_bytes	fastq_md5	sra_lite_url	sra_lite_bytes	sra_url	sra_bytes	s3_url	gs_url	filename	directory_path
CRR464767		CRX405949	PAIRED	https://download.cncb.ac.cn/gsa2/CRA006690/CRR464767/CRR464767_f1.fq.gz	1839719204	2dbcb044ad7bba5c1c02b5124d527960							CRR464767_f1.fq.gz	CRA006690/CRX405949/CRR464767
CRR464767		CRX405949	PAIRED	https://download.cncb.ac.cn/gsa2/CRA006690/CRR464767/CRR464767_r2.fq.gz	1976432492	30cf5415ef81625a9fc3f10fb1bf0fed							CRR464767_r2.fq.gz	CRA006690/CRX405949/CRR464767
CRR464768		CRX405950	PAIRED	https://download.cncb.ac.cn/gsa2/CRA006690/CRR464768/CRR464768_f1.fq.gz	2451174591	3799f885fe971a18bf2d0f2d7f05c58c							CRR464768_f1.fq.gz	CRA006690/CRX405950/CRR464768
CRR464768		CRX405950	PAIRED	https://download.cncb.ac.cn/gsa2/CRA006690/CRR464768/CRR464768_r2.fq.gz	2648291324	f37fe365f511e3d8406f799c4b1fd28f							CRR464768_r2.fq.gz	CRA006690/CRX405950/CRR464768
CRR464769		CRX405951	PAIRED	https://download.cncb.ac.cn/gsa2/CRA006690/CRR464769/CRR464769_f1.fq.gz	2248691324	b164dc12e35e0993db8f9596f6c8b221							CRR464769_f1.fq.gz	CRA006690/CRX405951/CRR464769
CRR464769		CRX405951	PAIRED	https://download.cncb.ac.cn/gsa2/CRA006690/CRR464769/CRR464769_r2.fq.gz	2427474163	4f7d0d1f5f173598d59c7c26799f55c0							CRR464769_r2.fq.gz	CRA006690/CRX405951/CRR464769
CRR464770		CRX405952	PAIRED	https://download.cncb.ac.cn/gsa2/CRA006690/CRR464770/CRR464770_f1.fq.gz	2157992153	5eb5d20b44c78843c8e703830bfda493							CRR464770_f1.fq.gz	CRA006690/CRX405952/CRR464770
CRR464770		CRX405952	PAIRED	https://download.cncb.ac.cn/gsa2/CRA006690/CRR464770/CRR464770_r2.fq.gz	2330132000	c9d918a3791db9524fb4265084b2e783							CRR464770_r2.fq.gz	CRA006690/CRX405952/CRR464770
CRR464771		CRX405953	PAIRED	https://download.cncb.ac.cn/gsa2/CRA006690/CRR464771/CRR464771_f1.fq.gz	2222993400	843f41b36700cd561801a65a3513b360							CRR464771_f1.fq.gz	CRA006690/CRX405953/CRR464771
CRR464771		CRX405953	PAIRED	https://download.cncb.ac.cn/gsa2/CRA006690/CRR464771/CRR464771_r2.fq.gz	2357623869	3828cc5d1aef0cc440410d37b6d453f9							CRR464771_r2.fq.gz	CRA006690/CRX405953/CRR464771
CRR464772		CRX405954	PAIRED	https://download.cncb.ac.cn/gsa2/CRA006690/CRR464772/CRR464772_f1.fq.gz	2513789018	ce2d816de3074d8421c26f203039907f							CRR464772_f1.fq.gz	CRA006690/CRX405954/CRR464772
CRR464772		CRX405954	PAIRED	https://download.cncb.ac.cn/gsa2/CRA006690/CRR464772/CRR464772_r2.fq.gz	2663417324	490d477bf34cdf1c016c04160d9b2a08							CRR464772_r2.fq.gz	CRA006690/CRX405954/CRR464772
CRR464773		CRX405955	PAIRED	https://download.cncb.ac.cn/gsa2/CRA006690/CRR464773/CRR464773_f1.fq.gz	1784024823	b4b0751e376babe8cc475c5279093137							CRR464773_f1.fq.gz	CRA006690/CRX405955/CRR464773
CRR464773		CRX405955	PAIRED	https://download.cncb.ac.cn/gsa2/CRA006690/CRR464773/CRR464773_r2.fq.gz	1890515298	f8004f45442edb426a4cc127de2c4d1f							CRR464773_r2.fq.gz	CRA006690/CRX405955/CRR464773
CRR464774		CRX405956	PAIRED	https://download.cncb.ac.cn/gsa2/CRA006690/CRR464774/CRR464774_f1.fq.gz	2520298445	1c6475d8fd44628d349bd77803d2185e							CRR464774_f1.fq.gz	CRA006690/CRX405956/CRR464774
CRR464774		CRX405956	PAIRED	https://download.cncb.ac.cn/gsa2/CRA006690/CRR464774/CRR464774_r2.fq.gz	2663981354	488297735e3a919120f2d21e8b739a44							CRR464774_r2.fq.gz	CRA006690/CRX405956/CRR464774
CRR464775		CRX405957	PAIRED	https://download.cncb.ac.cn/gsa2/CRA006690/CRR464775/CRR464775_f1.fq.gz	2637564666	b475907c8fcd484ebc922afd2e48cb9f							CRR464775_f1.fq.gz	CRA006690/CRX405957/CRR464775
CRR464775		CRX405957	PAIRED	https://download.cncb.ac.cn/gsa2/CRA006690/CRR464775/CRR464775_r2.fq.gz	2830447025	4a6c4ffe772180168263a2067461e141							CRR464775_r2.fq.gz	CRA006690/CRX405957/CRR464775
CRR464776		CRX405958	PAIRED	https://download.cncb.ac.cn/gsa2/CRA006690/CRR464776/CRR464776_f1.fq.gz	2726640916	b21a0e352b345205f1dbc0096b53d7b8							CRR464776_f1.fq.gz	CRA006690/CRX405958/CRR464776
CRR464776		CRX405958	PAIRED	https://download.cncb.ac.cn/gsa2/CRA006690/CRR464776/CRR464776_r2.fq.gz	2886608352	070d18dbc536e15bee3b58aa03fb8631							CRR464776_r2.fq.gz	CRA006690/CRX405958/CRR464776
CRR464777		CRX405959	PAIRED	https://download.cncb.ac.cn/gsa2/CRA006690/CRR464777/CRR464777_f1.fq.gz	2212565422	d7da01b481df911a7884b7f2c2affa3a							CRR464777_f1.fq.gz	CRA006690/CRX405959/CRR464777
CRR464777		CRX405959	PAIRED	https://download.cncb.ac.cn/gsa2/CRA006690/CRR464777/CRR464777_r2.fq.gz	2421002918	a3c37b0a540bc857fd3a1f9f95c60af4							CRR464777_r2.fq.gz	CRA006690/CRX405959/CRR464777
CRR464778		CRX405960	PAIRED	https://download.cncb.ac.cn/gsa2/CRA006690/CRR464778/CRR464778_f1.fq.gz	2469786112	be9f6d89339b53bb799dd5992e6d0d91							CRR464778_f1.fq.gz	CRA006690/CRX405960/CRR464778
CRR464778		CRX405960	PAIRED	https://download.cncb.ac.cn/gsa2/CRA006690/CRR464778/CRR464778_r2.fq.gz	2663826215	a496169e413f68538a27fcf8ecdb6ef7							CRR464778_r2.fq.gz	CRA006690/CRX405960/CRR464778
CRR464779		CRX405961	PAIRED	https://download.cncb.ac.cn/gsa2/CRA006690/CRR464779/CRR464779_f1.fq.gz	2437793684	28975112d832ca92f88ef4fbfd41d0a9							CRR464779_f1.fq.gz	CRA006690/CRX405961/CRR464779
CRR464779		CRX405961	PAIRED	https://download.cncb.ac.cn/gsa2/CRA006690/CRR464779/CRR464779_r2.fq.gz	2621176139	28a5f233a891c44f6e782649e4012a80							CRR464779_r2.fq.gz	CRA006690/CRX405961/CRR464779
CRR464780		CRX405962	PAIRED	https://download.cncb.ac.cn/gsa2/CRA006690/CRR464780/CRR464780_f1.fq.gz	2667467800	b9a7609be7db97cb1aa5a05a5b805609							CRR464780_f1.fq.gz	CRA006690/CRX405962/CRR464780
CRR464780		CRX405962	PAIRED	https://download.cncb.ac.cn/gsa2/CRA006690/CRR464780/CRR464780_r2.fq.gz	2858758504	5b717b35758fe3a5becb2e91f2e4d378							CRR464780_r2.fq.gz	CRA006690/CRX405962/CRR464780
CRR464781		CRX405963	PAIRED	https://download.cncb.ac.cn/gsa2/CRA006690/CRR464781/CRR464781_f1.fq.gz	3077874821	d39f19ea3252e28b81fe2ed0fd0cc67e							CRR464781_f1.fq.gz	CRA006690/CRX405963/CRR464781
CRR464781		CRX405963	PAIRED	https://download.cncb.ac.cn/gsa2/CRA006690/CRR464781/CRR464781_r2.fq.gz	3370153945	550871a142948c108e6e26b293a106f9							CRR464781_r2.fq.gz	CRA006690/CRX405963/CRR464781
