run_accession	sample_accession	sample_title	library_strategy
SRR10671893	SAMN13506810	Plant sample from Castanea henryi	WGS
SRR10671896	SAMN13506807	Plant sample from Castanea henryi	WGS
SRR10671901	SAMN13506817	Plant sample from Castanea henryi	WGS
SRR10671902	SAMN13506816	Plant sample from Castanea henryi	WGS
SRR10671927	SAMN13506994	Plant sample from Castanea mollissima	WGA
SRR10671936	SAMN13506986	Plant sample from Castanea mollissima	WGA
SRR10671940	SAMN13506982	Plant sample from Castanea mollissima	WGA
SRR10671941	SAMN13506981	Plant sample from Castanea mollissima	WGA
SRR10671943	SAMN13506836	Plant sample from Castanea mollissima	WGA
SRR10671944	SAMN13506979	Plant sample from Castanea mollissima	WGA
SRR10671945	SAMN13506978	Plant sample from Castanea mollissima	WGA
SRR10671949	SAMN13506974	Plant sample from Castanea mollissima	WGA
SRR10671954	SAMN13506835	Plant sample from Castanea mollissima	WGA
SRR10671956	SAMN13506968	Plant sample from Castanea mollissima	WGA
SRR10671957	SAMN13506967	Plant sample from Castanea mollissima	WGA
SRR10671961	SAMN13506963	Plant sample from Castanea mollissima	WGA
SRR10671967	SAMN13506958	Plant sample from Castanea mollissima	WGA
SRR10671978	SAMN13506948	Plant sample from Castanea mollissima	WGA
SRR10672000	SAMN13506928	Plant sample from Castanea mollissima	WGA
SRR10672020	SAMN13506907	Plant sample from Castanea mollissima	WGA
SRR10672026	SAMN13506901	Plant sample from Castanea mollissima	WGA
SRR10672027	SAMN13506900	Plant sample from Castanea mollissima	WGA
SRR10672029	SAMN13506899	Plant sample from Castanea mollissima	WGA
SRR10672031	SAMN13506897	Plant sample from Castanea mollissima	WGA
SRR10672032	SAMN13506896	Plant sample from Castanea mollissima	WGA
SRR10672037	SAMN13506891	Plant sample from Castanea mollissima	WGA
SRR10672039	SAMN13506827	Plant sample from Castanea mollissima	WGA
SRR10672040	SAMN13506889	Plant sample from Castanea mollissima	WGA
SRR10672053	SAMN13506877	Plant sample from Castanea mollissima	WGA
SRR10672058	SAMN13507343	Plant sample from Castanea mollissima	WGS
SRR10672060	SAMN13507341	Plant sample from Castanea mollissima	WGA
SRR10672065	SAMN13507337	Plant sample from Castanea mollissima	WGA
SRR10672066	SAMN13507336	Plant sample from Castanea mollissima	WGA
SRR10672073	SAMN13506871	Plant sample from Castanea mollissima	WGA
SRR10672076	SAMN13507327	Plant sample from Castanea mollissima	WGA
SRR10672089	SAMN13507316	Plant sample from Castanea mollissima	WGA
SRR10672101	SAMN13507305	Plant sample from Castanea mollissima	WGA
SRR10672107	SAMN13506868	Plant sample from Castanea mollissima	WGA
SRR10672115	SAMN13507292	Plant sample from Castanea mollissima	WGA
SRR10672116	SAMN13507291	Plant sample from Castanea mollissima	WGA
SRR10672117	SAMN13507290	Plant sample from Castanea mollissima	WGA
SRR10672118	SAMN13506867	Plant sample from Castanea mollissima	WGA
SRR10672121	SAMN13507287	Plant sample from Castanea mollissima	WGA
SRR10672132	SAMN13507277	Plant sample from Castanea mollissima	WGA
SRR10672135	SAMN13507274	Plant sample from Castanea mollissima	WGA
SRR10672139	SAMN13507270	Plant sample from Castanea mollissima	WGA
SRR10672144	SAMN13507266	Plant sample from Castanea mollissima	WGA
SRR10672148	SAMN13507262	Plant sample from Castanea mollissima	WGA
SRR10672149	SAMN13507261	Plant sample from Castanea mollissima	WGA
SRR10672150	SAMN13507260	Plant sample from Castanea mollissima	WGA
SRR10672156	SAMN13507255	Plant sample from Castanea mollissima	WGA
SRR10672163	SAMN13507249	Plant sample from Castanea mollissima	WGA
SRR10672173	SAMN13506862	Plant sample from Castanea mollissima	WGA
SRR10672180	SAMN13507233	Plant sample from Castanea mollissima	WGA
SRR10672181	SAMN13507232	Plant sample from Castanea mollissima	WGA
SRR10672190	SAMN13507224	Plant sample from Castanea mollissima	WGA
SRR10672198	SAMN13507218	Plant sample from Castanea mollissima	WGA
SRR10672204	SAMN13507212	Plant sample from Castanea mollissima	WGA
SRR10672215	SAMN13507202	Plant sample from Castanea mollissima	WGA
SRR10672216	SAMN13507201	Plant sample from Castanea mollissima	WGA
SRR10672217	SAMN13507200	Plant sample from Castanea mollissima	WGA
SRR10672220	SAMN13507198	Plant sample from Castanea mollissima	WGA
SRR10672222	SAMN13507196	Plant sample from Castanea mollissima	WGA
SRR10672223	SAMN13507195	Plant sample from Castanea mollissima	WGA
SRR10672225	SAMN13507193	Plant sample from Castanea mollissima	WGA
SRR10672231	SAMN13507188	Plant sample from Castanea mollissima	WGA
SRR10672232	SAMN13507187	Plant sample from Castanea mollissima	WGA
SRR10672236	SAMN13507183	Plant sample from Castanea mollissima	WGA
SRR10672238	SAMN13507181	Plant sample from Castanea mollissima	WGA
SRR10672261	SAMN13507160	Plant sample from Castanea mollissima	WGA
SRR10672265	SAMN13507157	Plant sample from Castanea mollissima	WGA
SRR10672291	SAMN13507133	Plant sample from Castanea mollissima	WGA
SRR10672301	SAMN13507124	Plant sample from Castanea mollissima	WGA
SRR10672303	SAMN13507122	Plant sample from Castanea mollissima	WGA
SRR10672304	SAMN13507121	Plant sample from Castanea mollissima	WGA
SRR10672305	SAMN13507120	Plant sample from Castanea mollissima	WGA
SRR10672306	SAMN13506850	Plant sample from Castanea mollissima	WGA
SRR10672308	SAMN13507119	Plant sample from Castanea mollissima	WGA
SRR10672311	SAMN13507116	Plant sample from Castanea mollissima	WGA
SRR10672319	SAMN13507109	Plant sample from Castanea mollissima	WGA
SRR10672323	SAMN13507105	Plant sample from Castanea mollissima	WGA
SRR10672335	SAMN13507094	Plant sample from Castanea mollissima	WGA
SRR10672358	SAMN13507073	Plant sample from Castanea mollissima	WGA
SRR10672363	SAMN13507069	Plant sample from Castanea mollissima	WGA
SRR10672385	SAMN13507049	Plant sample from Castanea mollissima	WGA
SRR10672387	SAMN13507047	Plant sample from Castanea mollissima	WGA
SRR10672392	SAMN13507042	Plant sample from Castanea mollissima	WGA
SRR10672396	SAMN13507039	Plant sample from Castanea mollissima	WGA
SRR10672409	SAMN13506821	Plant sample from Castanea mollissima	WGA
SRR10672423	SAMN13506822	Plant sample from Castanea mollissima	WGA
SRR10672439	SAMN13507005	Plant sample from Castanea mollissima	WGA
SRR10672442	SAMN13507002	Plant sample from Castanea mollissima	WGA
SRR10672443	SAMN13507001	Plant sample from Castanea mollissima	WGA
SRR10672447	SAMN13506998	Plant sample from Castanea mollissima	WGA
SRR10672449	SAMN13506996	Plant sample from Castanea mollissima	WGA
SRR30566973	SAMN43471851	Plant sample from Castanea henryi	WGS
SRR30566975	SAMN43471849	Plant sample from Castanea henryi	WGS
SRR30566983	SAMN43471842	Plant sample from Castanea henryi	WGS
SRR30566985	SAMN43471840	Plant sample from Castanea henryi	WGS
SRR30566986	SAMN43471839	Plant sample from Castanea henryi	WGS
SRR30567000	SAMN43471827	Plant sample from Castanea seguinii	WGS
SRR30567004	SAMN43471823	Plant sample from Castanea seguinii	WGS
SRR30567006	SAMN43471821	Plant sample from Castanea seguinii	WGS
SRR30567008	SAMN43471819	Plant sample from Castanea seguinii	WGS
SRR30567020	SAMN43471808	Plant sample from Castanea seguinii	WGS
SRR30567025	SAMN43471804	Plant sample from Castanea seguinii	WGS
SRR30567027	SAMN43471802	Plant sample from Castanea seguinii	WGS
SRR30567031	SAMN43471798	Plant sample from Castanea mollissima	WGS
SRR30567032	SAMN43471762	Plant sample from Castanea mollissima	WGS
SRR30567035	SAMN43471795	Plant sample from Castanea mollissima	WGS
SRR30567036	SAMN43471794	Plant sample from Castanea mollissima	WGS
SRR30567044	SAMN43471787	Plant sample from Castanea mollissima	WGS
SRR30567052	SAMN43471779	Plant sample from Castanea mollissima	WGS
SRR30567053	SAMN43471778	Plant sample from Castanea mollissima	WGS
SRR30567055	SAMN43471777	Plant sample from Castanea mollissima	WGS
SRR30567064	SAMN43471768	Plant sample from Castanea mollissima	WGS
SRR30567066	SAMN43471758	Plant sample from Castanea mollissima	WGS
SRR9005581	SAMN11567915	Plant sample from Castanea seguinii	WGS
SRR9005583	SAMN11567913	Plant sample from Castanea seguinii	WGS
SRR9005596	SAMN11567902	Plant sample from Castanea seguinii	WGS
SRR9005602	SAMN11567894	Plant sample from Castanea mollissima	WGS
SRR9005618	SAMN11567876	Plant sample from Castanea mollissima	WGS
SRR9005628	SAMN11567889	Plant sample from Castanea mollissima	WGS
SRR9005629	SAMN11567890	Plant sample from Castanea mollissima	WGS
SRR9005635	SAMN11567892	Plant sample from Castanea mollissima	WGS
SRR9005656	SAMN11567945	Plant sample from Castanea henryi	WGS
SRR9005659	SAMN11567944	Plant sample from Castanea henryi	WGS
SRR9005660	SAMN11567949	Plant sample from Castanea henryi	WGS
SRR9005672	SAMN11567861	Plant sample from Castanea mollissima	WGS
SRR10671894	SAMN13506809	Plant sample from Castanea henryi	WGS
SRR10671904	SAMN13506814	Plant sample from Castanea henryi	WGS
SRR10671928	SAMN13506993	Plant sample from Castanea mollissima	WGA
SRR10671932	SAMN13506837	Plant sample from Castanea mollissima	WGA
SRR10671937	SAMN13506985	Plant sample from Castanea mollissima	WGA
SRR10671938	SAMN13506984	Plant sample from Castanea mollissima	WGA
SRR10671950	SAMN13506973	Plant sample from Castanea mollissima	WGA
SRR10671955	SAMN13506969	Plant sample from Castanea mollissima	WGA
SRR10671958	SAMN13506966	Plant sample from Castanea mollissima	WGA
SRR10671962	SAMN13506962	Plant sample from Castanea mollissima	WGA
SRR10671969	SAMN13506956	Plant sample from Castanea mollissima	WGA
SRR10671971	SAMN13506954	Plant sample from Castanea mollissima	WGA
SRR10671975	SAMN13506950	Plant sample from Castanea mollissima	WGA
SRR10671988	SAMN13506939	Plant sample from Castanea mollissima	WGA
SRR10671990	SAMN13506937	Plant sample from Castanea mollissima	WGA
SRR10671993	SAMN13506934	Plant sample from Castanea mollissima	WGA
SRR10672002	SAMN13506926	Plant sample from Castanea mollissima	WGA
SRR10672021	SAMN13506906	Plant sample from Castanea mollissima	WGA
SRR10672033	SAMN13506895	Plant sample from Castanea mollissima	WGA
SRR10672036	SAMN13506892	Plant sample from Castanea mollissima	WGA
SRR10672042	SAMN13506887	Plant sample from Castanea mollissima	WGA
SRR10672043	SAMN13506886	Plant sample from Castanea mollissima	WGA
SRR10672045	SAMN13506884	Plant sample from Castanea mollissima	WGA
SRR10672048	SAMN13506881	Plant sample from Castanea mollissima	WGA
SRR10672052	SAMN13506878	Plant sample from Castanea mollissima	WGA
SRR10672064	SAMN13507338	Plant sample from Castanea mollissima	WGA
SRR10672069	SAMN13507333	Plant sample from Castanea mollissima	WGA
SRR10672075	SAMN13507328	Plant sample from Castanea mollissima	WGA
SRR10672083	SAMN13507320	Plant sample from Castanea mollissima	WGA
SRR10672095	SAMN13507310	Plant sample from Castanea mollissima	WGA
SRR10672096	SAMN13506869	Plant sample from Castanea mollissima	WGA
SRR10672098	SAMN13507308	Plant sample from Castanea mollissima	WGA
SRR10672100	SAMN13507306	Plant sample from Castanea mollissima	WGA
SRR10672104	SAMN13507302	Plant sample from Castanea mollissima	WGA
SRR10672110	SAMN13507297	Plant sample from Castanea mollissima	WGA
SRR10672114	SAMN13507293	Plant sample from Castanea mollissima	WGA
SRR10672122	SAMN13507286	Plant sample from Castanea mollissima	WGA
SRR10672124	SAMN13507284	Plant sample from Castanea mollissima	WGA
SRR10672125	SAMN13507283	Plant sample from Castanea mollissima	WGA
SRR10672126	SAMN13507282	Plant sample from Castanea mollissima	WGA
SRR10672133	SAMN13507276	Plant sample from Castanea mollissima	WGA
SRR10672147	SAMN13507263	Plant sample from Castanea mollissima	WGA
SRR10672155	SAMN13507256	Plant sample from Castanea mollissima	WGA
SRR10672162	SAMN13506863	Plant sample from Castanea mollissima	WGA
SRR10672167	SAMN13507245	Plant sample from Castanea mollissima	WGA
SRR10672172	SAMN13507240	Plant sample from Castanea mollissima	WGA
SRR10672174	SAMN13507239	Plant sample from Castanea mollissima	WGA
SRR10672175	SAMN13507238	Plant sample from Castanea mollissima	WGA
SRR10672178	SAMN13507235	Plant sample from Castanea mollissima	WGA
SRR10672179	SAMN13507234	Plant sample from Castanea mollissima	WGA
SRR10672182	SAMN13507231	Plant sample from Castanea mollissima	WGA
SRR10672183	SAMN13507230	Plant sample from Castanea mollissima	WGA
SRR10672189	SAMN13507225	Plant sample from Castanea mollissima	WGA
SRR10672195	SAMN13506860	Plant sample from Castanea mollissima	WGA
SRR10672207	SAMN13506859	Plant sample from Castanea mollissima	WGA
SRR10672208	SAMN13507209	Plant sample from Castanea mollissima	WGA
SRR10672209	SAMN13507208	Plant sample from Castanea mollissima	WGA
SRR10672211	SAMN13507206	Plant sample from Castanea mollissima	WGA
SRR10672230	SAMN13507189	Plant sample from Castanea mollissima	WGA
SRR10672246	SAMN13507174	Plant sample from Castanea mollissima	WGA
SRR10672248	SAMN13507172	Plant sample from Castanea mollissima	WGA
SRR10672249	SAMN13507171	Plant sample from Castanea mollissima	WGA
SRR10672251	SAMN13506855	Plant sample from Castanea mollissima	WGA
SRR10672252	SAMN13507169	Plant sample from Castanea mollissima	WGA
SRR10672253	SAMN13507168	Plant sample from Castanea mollissima	WGA
SRR10672257	SAMN13507164	Plant sample from Castanea mollissima	WGA
SRR10672264	SAMN13507158	Plant sample from Castanea mollissima	WGA
SRR10672266	SAMN13507156	Plant sample from Castanea mollissima	WGA
SRR10672268	SAMN13507154	Plant sample from Castanea mollissima	WGA
SRR10672270	SAMN13507152	Plant sample from Castanea mollissima	WGA
SRR10672271	SAMN13507151	Plant sample from Castanea mollissima	WGA
SRR10672272	SAMN13507150	Plant sample from Castanea mollissima	WGA
SRR10672273	SAMN13506853	Plant sample from Castanea mollissima	WGA
SRR10672274	SAMN13507149	Plant sample from Castanea mollissima	WGA
SRR10672276	SAMN13507147	Plant sample from Castanea mollissima	WGA
SRR10672290	SAMN13507134	Plant sample from Castanea mollissima	WGA
SRR10672298	SAMN13507127	Plant sample from Castanea mollissima	WGA
SRR10672299	SAMN13507126	Plant sample from Castanea mollissima	WGA
SRR10672307	SAMN13506823	Plant sample from Castanea mollissima	WGA
SRR10672312	SAMN13507115	Plant sample from Castanea mollissima	WGA
SRR10672313	SAMN13507114	Plant sample from Castanea mollissima	WGA
SRR10672322	SAMN13507106	Plant sample from Castanea mollissima	WGA
SRR10672338	SAMN13507091	Plant sample from Castanea mollissima	WGA
SRR10672346	SAMN13507084	Plant sample from Castanea mollissima	WGA
SRR10672347	SAMN13507083	Plant sample from Castanea mollissima	WGA
SRR10672350	SAMN13507080	Plant sample from Castanea mollissima	WGA
SRR10672351	SAMN13506846	Plant sample from Castanea mollissima	WGA
SRR10672360	SAMN13507071	Plant sample from Castanea mollissima	WGA
SRR10672369	SAMN13507063	Plant sample from Castanea mollissima	WGA
SRR10672374	SAMN13507059	Plant sample from Castanea mollissima	WGA
SRR10672393	SAMN13507041	Plant sample from Castanea mollissima	WGA
SRR10672397	SAMN13507038	Plant sample from Castanea mollissima	WGA
SRR10672408	SAMN13506830	Plant sample from Castanea mollissima	WGA
SRR10672412	SAMN13507029	Plant sample from Castanea mollissima	WGA
SRR10672415	SAMN13507026	Plant sample from Castanea mollissima	WGA
SRR10672426	SAMN13507017	Plant sample from Castanea mollissima	WGA
SRR10672428	SAMN13507015	Plant sample from Castanea mollissima	WGA
SRR10672429	SAMN13507014	Plant sample from Castanea mollissima	WGA
SRR10672432	SAMN13507011	Plant sample from Castanea mollissima	WGA
SRR10672441	SAMN13507003	Plant sample from Castanea mollissima	WGA
SRR10672444	SAMN13507000	Plant sample from Castanea mollissima	WGA
SRR10672446	SAMN13506999	Plant sample from Castanea mollissima	WGA
SRR30566974	SAMN43471850	Plant sample from Castanea henryi	WGS
SRR30566978	SAMN43471847	Plant sample from Castanea henryi	WGS
SRR30566980	SAMN43471845	Plant sample from Castanea henryi	WGS
SRR30566984	SAMN43471841	Plant sample from Castanea henryi	WGS
SRR30566987	SAMN43471838	Plant sample from Castanea henryi	WGS
SRR30566989	SAMN43471837	Plant sample from Castanea henryi	WGS
SRR30566996	SAMN43471830	Plant sample from Castanea henryi	WGS
SRR30566998	SAMN43471828	Plant sample from Castanea seguinii	WGS
SRR30566999	SAMN43471765	Plant sample from Castanea mollissima	WGS
SRR30567001	SAMN43471826	Plant sample from Castanea seguinii	WGS
SRR30567002	SAMN43471825	Plant sample from Castanea seguinii	WGS
SRR30567003	SAMN43471824	Plant sample from Castanea seguinii	WGS
SRR30567011	SAMN43471817	Plant sample from Castanea seguinii	WGS
SRR30567015	SAMN43471813	Plant sample from Castanea seguinii	WGS
SRR30567017	SAMN43471811	Plant sample from Castanea seguinii	WGS
SRR30567019	SAMN43471809	Plant sample from Castanea seguinii	WGS
SRR30567022	SAMN43471807	Plant sample from Castanea seguinii	WGS
SRR30567039	SAMN43471791	Plant sample from Castanea mollissima	WGS
SRR30567040	SAMN43471790	Plant sample from Castanea mollissima	WGS
SRR30567043	SAMN43471761	Plant sample from Castanea mollissima	WGS
SRR30567051	SAMN43471780	Plant sample from Castanea mollissima	WGS
SRR30567057	SAMN43471775	Plant sample from Castanea mollissima	WGS
SRR30567059	SAMN43471773	Plant sample from Castanea mollissima	WGS
SRR9005577	SAMN11567919	Plant sample from Castanea seguinii	WGS
SRR9005579	SAMN11567917	Plant sample from Castanea seguinii	WGS
SRR9005585	SAMN11567921	Plant sample from Castanea seguinii	WGS
SRR9005587	SAMN11567924	Plant sample from Castanea henryi	WGS
SRR9005590	SAMN11567927	Plant sample from Castanea henryi	WGS
SRR9005594	SAMN11567931	Plant sample from Castanea henryi	WGS
SRR9005597	SAMN11567901	Plant sample from Castanea seguinii	WGS
SRR9005599	SAMN11567897	Plant sample from Castanea seguinii	WGS
SRR9005605	SAMN11567895	Plant sample from Castanea mollissima	WGS
SRR9005606	SAMN11567911	Plant sample from Castanea seguinii	WGS
SRR9005611	SAMN11567908	Plant sample from Castanea seguinii	WGS
SRR9005614	SAMN11567903	Plant sample from Castanea seguinii	WGS
SRR9005615	SAMN11567904	Plant sample from Castanea seguinii	WGS
SRR9005622	SAMN11567880	Plant sample from Castanea mollissima	WGS
SRR9005623	SAMN11567879	Plant sample from Castanea mollissima	WGS
SRR9005633	SAMN11567886	Plant sample from Castanea mollissima	WGS
SRR9005634	SAMN11567891	Plant sample from Castanea mollissima	WGS
SRR9005642	SAMN11567938	Plant sample from Castanea henryi	WGS
SRR9005643	SAMN11567937	Plant sample from Castanea henryi	WGS
SRR9005646	SAMN11567865	Plant sample from Castanea mollissima	WGS
SRR9005652	SAMN11567867	Plant sample from Castanea mollissima	WGS
SRR9005662	SAMN11567947	Plant sample from Castanea henryi	WGS
SRR9005664	SAMN11567855	Plant sample from Castanea mollissima	WGS
SRR9005671	SAMN11567858	Plant sample from Castanea mollissima	WGS
SRR30566970	SAMN43471854	Plant sample from Castanea henryi	WGS
SRR30566972	SAMN43471852	Plant sample from Castanea henryi	WGS
SRR30566981	SAMN43471844	Plant sample from Castanea henryi	WGS
SRR30566990	SAMN43471836	Plant sample from Castanea henryi	WGS
SRR30566992	SAMN43471834	Plant sample from Castanea henryi	WGS
SRR30566994	SAMN43471832	Plant sample from Castanea henryi	WGS
SRR30566995	SAMN43471831	Plant sample from Castanea henryi	WGS
SRR30567005	SAMN43471822	Plant sample from Castanea seguinii	WGS
SRR30567010	SAMN43471764	Plant sample from Castanea mollissima	WGS
SRR30567016	SAMN43471812	Plant sample from Castanea seguinii	WGS
SRR30567018	SAMN43471810	Plant sample from Castanea seguinii	WGS
SRR30567023	SAMN43471806	Plant sample from Castanea seguinii	WGS
SRR30567026	SAMN43471803	Plant sample from Castanea seguinii	WGS
SRR30567045	SAMN43471786	Plant sample from Castanea mollissima	WGS
SRR30567047	SAMN43471784	Plant sample from Castanea mollissima	WGS
SRR30567048	SAMN43471783	Plant sample from Castanea mollissima	WGS
SRR30567049	SAMN43471782	Plant sample from Castanea mollissima	WGS
SRR30567050	SAMN43471781	Plant sample from Castanea mollissima	WGS
SRR30567054	SAMN43471760	Plant sample from Castanea mollissima	WGS
SRR30567063	SAMN43471769	Plant sample from Castanea mollissima	WGS
SRR9005578	SAMN11567918	Plant sample from Castanea seguinii	WGS
SRR9005580	SAMN11567916	Plant sample from Castanea seguinii	WGS
SRR9005584	SAMN11567922	Plant sample from Castanea seguinii	WGS
SRR9005586	SAMN11567923	Plant sample from Castanea seguinii	WGS
SRR9005589	SAMN11567926	Plant sample from Castanea henryi	WGS
SRR9005595	SAMN11567932	Plant sample from Castanea henryi	WGS
SRR9005609	SAMN11567910	Plant sample from Castanea seguinii	WGS
SRR9005610	SAMN11567907	Plant sample from Castanea seguinii	WGS
SRR9005613	SAMN11567906	Plant sample from Castanea seguinii	WGS
SRR9005627	SAMN11567888	Plant sample from Castanea mollissima	WGS
SRR9005636	SAMN11567942	Plant sample from Castanea henryi	WGS
SRR9005637	SAMN11567941	Plant sample from Castanea henryi	WGS
SRR9005638	SAMN11567934	Plant sample from Castanea henryi	WGS
SRR9005641	SAMN11567935	Plant sample from Castanea henryi	WGS
SRR9005644	SAMN11567940	Plant sample from Castanea henryi	WGS
SRR9005648	SAMN11567863	Plant sample from Castanea mollissima	WGS
SRR9005650	SAMN11567869	Plant sample from Castanea mollissima	WGS
SRR9005653	SAMN11567868	Plant sample from Castanea mollissima	WGS
SRR9005654	SAMN11567871	Plant sample from Castanea mollissima	WGS
SRR9005657	SAMN11567946	Plant sample from Castanea henryi	WGS
SRR9005666	SAMN11567853	Plant sample from Castanea mollissima	WGS
SRR9005668	SAMN11567859	Plant sample from Castanea mollissima	WGS
SRR9005669	SAMN11567860	Plant sample from Castanea mollissima	WGS
SRR10671892	SAMN13506811	Plant sample from Castanea henryi	WGS
SRR10671900	SAMN13506818	Plant sample from Castanea henryi	WGS
SRR10671907	SAMN13506803	Plant sample from Castanea henryi	WGS
SRR10671931	SAMN13506990	Plant sample from Castanea mollissima	WGA
SRR10671939	SAMN13506983	Plant sample from Castanea mollissima	WGA
SRR10671948	SAMN13506975	Plant sample from Castanea mollissima	WGA
SRR10671952	SAMN13506971	Plant sample from Castanea mollissima	WGA
SRR10671953	SAMN13506970	Plant sample from Castanea mollissima	WGA
SRR10671959	SAMN13506965	Plant sample from Castanea mollissima	WGA
SRR10671970	SAMN13506955	Plant sample from Castanea mollissima	WGA
SRR10671972	SAMN13506953	Plant sample from Castanea mollissima	WGA
SRR10671973	SAMN13506952	Plant sample from Castanea mollissima	WGA
SRR10671976	SAMN13506833	Plant sample from Castanea mollissima	WGA
SRR10671984	SAMN13506942	Plant sample from Castanea mollissima	WGA
SRR10671997	SAMN13506930	Plant sample from Castanea mollissima	WGA
SRR10671999	SAMN13506929	Plant sample from Castanea mollissima	WGA
SRR10671898	SAMN13506805	Plant sample from Castanea henryi	WGS
SRR10671905	SAMN13506813	Plant sample from Castanea henryi	WGS
SRR10671906	SAMN13506804	Plant sample from Castanea henryi	WGS
SRR10671933	SAMN13506989	Plant sample from Castanea mollissima	WGA
SRR10672004	SAMN13506924	Plant sample from Castanea mollissima	WGA
SRR10671934	SAMN13506988	Plant sample from Castanea mollissima	WGA
SRR10671935	SAMN13506987	Plant sample from Castanea mollissima	WGA
SRR10671942	SAMN13506980	Plant sample from Castanea mollissima	WGA
SRR10672012	SAMN13506914	Plant sample from Castanea mollissima	WGA
SRR10671946	SAMN13506977	Plant sample from Castanea mollissima	WGA
SRR10671947	SAMN13506976	Plant sample from Castanea mollissima	WGA
SRR10672013	SAMN13506913	Plant sample from Castanea mollissima	WGA
SRR10671963	SAMN13506961	Plant sample from Castanea mollissima	WGA
SRR10671968	SAMN13506957	Plant sample from Castanea mollissima	WGA
SRR10672017	SAMN13506829	Plant sample from Castanea mollissima	WGA
SRR10671974	SAMN13506951	Plant sample from Castanea mollissima	WGA
SRR10672025	SAMN13506902	Plant sample from Castanea mollissima	WGA
SRR10671977	SAMN13506949	Plant sample from Castanea mollissima	WGA
SRR10671982	SAMN13506944	Plant sample from Castanea mollissima	WGA
SRR10672028	SAMN13506828	Plant sample from Castanea mollissima	WGA
SRR10671987	SAMN13506832	Plant sample from Castanea mollissima	WGA
SRR10672046	SAMN13506883	Plant sample from Castanea mollissima	WGA
SRR10672050	SAMN13506826	Plant sample from Castanea mollissima	WGA
SRR10672063	SAMN13507339	Plant sample from Castanea mollissima	WGA
SRR10672068	SAMN13507334	Plant sample from Castanea mollissima	WGA
SRR10672072	SAMN13507330	Plant sample from Castanea mollissima	WGA
SRR10672087	SAMN13507318	Plant sample from Castanea mollissima	WGA
SRR10672088	SAMN13507317	Plant sample from Castanea mollissima	WGA
SRR10672090	SAMN13507315	Plant sample from Castanea mollissima	WGA
SRR10672099	SAMN13507307	Plant sample from Castanea mollissima	WGA
SRR10672102	SAMN13507304	Plant sample from Castanea mollissima	WGA
SRR10672103	SAMN13507303	Plant sample from Castanea mollissima	WGA
SRR10672105	SAMN13507301	Plant sample from Castanea mollissima	WGA
SRR10671991	SAMN13506936	Plant sample from Castanea mollissima	WGA
SRR10672108	SAMN13507299	Plant sample from Castanea mollissima	WGA
SRR10671992	SAMN13506935	Plant sample from Castanea mollissima	WGA
SRR10672111	SAMN13507296	Plant sample from Castanea mollissima	WGA
SRR10671994	SAMN13506933	Plant sample from Castanea mollissima	WGA
SRR10672113	SAMN13507294	Plant sample from Castanea mollissima	WGA
SRR10672129	SAMN13506866	Plant sample from Castanea mollissima	WGA
SRR10671996	SAMN13506931	Plant sample from Castanea mollissima	WGA
SRR10672131	SAMN13507278	Plant sample from Castanea mollissima	WGA
SRR10672005	SAMN13506923	Plant sample from Castanea mollissima	WGA
SRR10672136	SAMN13507273	Plant sample from Castanea mollissima	WGA
SRR10672007	SAMN13506919	Plant sample from Castanea mollissima	WGA
SRR10672137	SAMN13507272	Plant sample from Castanea mollissima	WGA
SRR10672015	SAMN13506911	Plant sample from Castanea mollissima	WGA
SRR10672140	SAMN13506865	Plant sample from Castanea mollissima	WGA
SRR10672018	SAMN13506909	Plant sample from Castanea mollissima	WGA
SRR10672143	SAMN13507267	Plant sample from Castanea mollissima	WGA
SRR10672019	SAMN13506908	Plant sample from Castanea mollissima	WGA
SRR10672145	SAMN13507265	Plant sample from Castanea mollissima	WGA
SRR10672022	SAMN13506905	Plant sample from Castanea mollissima	WGA
SRR10672035	SAMN13506893	Plant sample from Castanea mollissima	WGA
SRR10672152	SAMN13507259	Plant sample from Castanea mollissima	WGA
SRR10672049	SAMN13506880	Plant sample from Castanea mollissima	WGA
SRR10672154	SAMN13507257	Plant sample from Castanea mollissima	WGA
SRR10672055	SAMN13506875	Plant sample from Castanea mollissima	WGA
SRR10672067	SAMN13507335	Plant sample from Castanea mollissima	WGA
SRR10672158	SAMN13507253	Plant sample from Castanea mollissima	WGA
SRR10672070	SAMN13507332	Plant sample from Castanea mollissima	WGA
SRR10672160	SAMN13507251	Plant sample from Castanea mollissima	WGA
SRR10672071	SAMN13507331	Plant sample from Castanea mollissima	WGA
SRR10672077	SAMN13507326	Plant sample from Castanea mollissima	WGA
SRR10672166	SAMN13507246	Plant sample from Castanea mollissima	WGA
SRR10672080	SAMN13507323	Plant sample from Castanea mollissima	WGA
SRR10672176	SAMN13507237	Plant sample from Castanea mollissima	WGA
SRR10672082	SAMN13507321	Plant sample from Castanea mollissima	WGA
SRR10672086	SAMN13507319	Plant sample from Castanea mollissima	WGA
SRR10672177	SAMN13507236	Plant sample from Castanea mollissima	WGA
SRR10672094	SAMN13507311	Plant sample from Castanea mollissima	WGA
SRR10672185	SAMN13507229	Plant sample from Castanea mollissima	WGA
SRR10672106	SAMN13507300	Plant sample from Castanea mollissima	WGA
SRR10672112	SAMN13507295	Plant sample from Castanea mollissima	WGA
SRR10672192	SAMN13507222	Plant sample from Castanea mollissima	WGA
SRR10672119	SAMN13507289	Plant sample from Castanea mollissima	WGA
SRR10672193	SAMN13507221	Plant sample from Castanea mollissima	WGA
SRR10672127	SAMN13507281	Plant sample from Castanea mollissima	WGA
SRR10672128	SAMN13507280	Plant sample from Castanea mollissima	WGA
SRR10672197	SAMN13507219	Plant sample from Castanea mollissima	WGA
SRR10672134	SAMN13507275	Plant sample from Castanea mollissima	WGA
SRR10672142	SAMN13507268	Plant sample from Castanea mollissima	WGA
SRR10672201	SAMN13507215	Plant sample from Castanea mollissima	WGA
SRR10672151	SAMN13506864	Plant sample from Castanea mollissima	WGA
SRR10672206	SAMN13507210	Plant sample from Castanea mollissima	WGA
SRR10672161	SAMN13507250	Plant sample from Castanea mollissima	WGA
SRR10672168	SAMN13507244	Plant sample from Castanea mollissima	WGA
SRR10672218	SAMN13506858	Plant sample from Castanea mollissima	WGA
SRR10672200	SAMN13507216	Plant sample from Castanea mollissima	WGA
SRR10672224	SAMN13507194	Plant sample from Castanea mollissima	WGA
SRR10672202	SAMN13507214	Plant sample from Castanea mollissima	WGA
SRR10672210	SAMN13507207	Plant sample from Castanea mollissima	WGA
SRR10672227	SAMN13507191	Plant sample from Castanea mollissima	WGA
SRR10672213	SAMN13507204	Plant sample from Castanea mollissima	WGA
SRR10672214	SAMN13507203	Plant sample from Castanea mollissima	WGA
SRR10672243	SAMN13507177	Plant sample from Castanea mollissima	WGA
SRR10672219	SAMN13507199	Plant sample from Castanea mollissima	WGA
SRR10672250	SAMN13507170	Plant sample from Castanea mollissima	WGA
SRR10672228	SAMN13507190	Plant sample from Castanea mollissima	WGA
SRR10672254	SAMN13507167	Plant sample from Castanea mollissima	WGA
SRR10672229	SAMN13506857	Plant sample from Castanea mollissima	WGA
SRR10672235	SAMN13507184	Plant sample from Castanea mollissima	WGA
SRR10672258	SAMN13507163	Plant sample from Castanea mollissima	WGA
SRR10672237	SAMN13507182	Plant sample from Castanea mollissima	WGA
SRR10672259	SAMN13507162	Plant sample from Castanea mollissima	WGA
SRR10672240	SAMN13506856	Plant sample from Castanea mollissima	WGA
SRR10672242	SAMN13507178	Plant sample from Castanea mollissima	WGA
SRR10672260	SAMN13507161	Plant sample from Castanea mollissima	WGA
SRR10672244	SAMN13507176	Plant sample from Castanea mollissima	WGA
SRR10672278	SAMN13507145	Plant sample from Castanea mollissima	WGA
SRR10672245	SAMN13507175	Plant sample from Castanea mollissima	WGA
SRR10672282	SAMN13507141	Plant sample from Castanea mollissima	WGA
SRR10672256	SAMN13507165	Plant sample from Castanea mollissima	WGA
SRR10672285	SAMN13507139	Plant sample from Castanea mollissima	WGA
SRR10672263	SAMN13507159	Plant sample from Castanea mollissima	WGA
SRR10672286	SAMN13507138	Plant sample from Castanea mollissima	WGA
SRR10672292	SAMN13507132	Plant sample from Castanea mollissima	WGA
SRR10672267	SAMN13507155	Plant sample from Castanea mollissima	WGA
SRR10672297	SAMN13507128	Plant sample from Castanea mollissima	WGA
SRR10672269	SAMN13507153	Plant sample from Castanea mollissima	WGA
SRR10672309	SAMN13507118	Plant sample from Castanea mollissima	WGA
SRR10672275	SAMN13507148	Plant sample from Castanea mollissima	WGA
SRR10672310	SAMN13507117	Plant sample from Castanea mollissima	WGA
SRR10672280	SAMN13507143	Plant sample from Castanea mollissima	WGA
SRR10672283	SAMN13507140	Plant sample from Castanea mollissima	WGA
SRR10672284	SAMN13506852	Plant sample from Castanea mollissima	WGA
SRR10672315	SAMN13507112	Plant sample from Castanea mollissima	WGA
SRR10672288	SAMN13507136	Plant sample from Castanea mollissima	WGA
SRR10672293	SAMN13507131	Plant sample from Castanea mollissima	WGA
SRR10672318	SAMN13506849	Plant sample from Castanea mollissima	WGA
SRR10672296	SAMN13507129	Plant sample from Castanea mollissima	WGA
SRR10672300	SAMN13507125	Plant sample from Castanea mollissima	WGA
SRR10672324	SAMN13507104	Plant sample from Castanea mollissima	WGA
SRR10672316	SAMN13507111	Plant sample from Castanea mollissima	WGA
SRR10672317	SAMN13507110	Plant sample from Castanea mollissima	WGA
SRR10672325	SAMN13507103	Plant sample from Castanea mollissima	WGA
SRR10672328	SAMN13507100	Plant sample from Castanea mollissima	WGA
SRR10672330	SAMN13507099	Plant sample from Castanea mollissima	WGA
SRR10672342	SAMN13507088	Plant sample from Castanea mollissima	WGA
SRR10672327	SAMN13507101	Plant sample from Castanea mollissima	WGA
SRR10672344	SAMN13507086	Plant sample from Castanea mollissima	WGA
SRR10672345	SAMN13507085	Plant sample from Castanea mollissima	WGA
SRR10672332	SAMN13507097	Plant sample from Castanea mollissima	WGA
SRR10672348	SAMN13507082	Plant sample from Castanea mollissima	WGA
SRR10672349	SAMN13507081	Plant sample from Castanea mollissima	WGA
SRR10672336	SAMN13507093	Plant sample from Castanea mollissima	WGA
SRR10672355	SAMN13507076	Plant sample from Castanea mollissima	WGA
SRR10672357	SAMN13507074	Plant sample from Castanea mollissima	WGA
SRR10672361	SAMN13507070	Plant sample from Castanea mollissima	WGA
SRR10672340	SAMN13506847	Plant sample from Castanea mollissima	WGA
SRR10672364	SAMN13507068	Plant sample from Castanea mollissima	WGA
SRR10672365	SAMN13507067	Plant sample from Castanea mollissima	WGA
SRR10672352	SAMN13507079	Plant sample from Castanea mollissima	WGA
SRR10672366	SAMN13507066	Plant sample from Castanea mollissima	WGA
SRR10672367	SAMN13507065	Plant sample from Castanea mollissima	WGA
SRR10672353	SAMN13507078	Plant sample from Castanea mollissima	WGA
SRR10672376	SAMN13507057	Plant sample from Castanea mollissima	WGA
SRR10672354	SAMN13507077	Plant sample from Castanea mollissima	WGA
SRR10672378	SAMN13507055	Plant sample from Castanea mollissima	WGA
SRR10672359	SAMN13507072	Plant sample from Castanea mollissima	WGA
SRR10672379	SAMN13507054	Plant sample from Castanea mollissima	WGA
SRR10672383	SAMN13507050	Plant sample from Castanea mollissima	WGA
SRR10672362	SAMN13506845	Plant sample from Castanea mollissima	WGA
SRR10672384	SAMN13506843	Plant sample from Castanea mollissima	WGA
SRR10672368	SAMN13507064	Plant sample from Castanea mollissima	WGA
SRR10672390	SAMN13507044	Plant sample from Castanea mollissima	WGA
SRR10672370	SAMN13507062	Plant sample from Castanea mollissima	WGA
SRR10672391	SAMN13507043	Plant sample from Castanea mollissima	WGA
SRR10672394	SAMN13507040	Plant sample from Castanea mollissima	WGA
SRR10672373	SAMN13506844	Plant sample from Castanea mollissima	WGA
SRR10672400	SAMN13507035	Plant sample from Castanea mollissima	WGA
SRR10672380	SAMN13507053	Plant sample from Castanea mollissima	WGA
SRR10672381	SAMN13507052	Plant sample from Castanea mollissima	WGA
SRR10672403	SAMN13507032	Plant sample from Castanea mollissima	WGA
SRR10672407	SAMN13506920	Plant sample from Castanea mollissima	WGA
SRR10672386	SAMN13507048	Plant sample from Castanea mollissima	WGA
SRR10672413	SAMN13507028	Plant sample from Castanea mollissima	WGA
SRR10672414	SAMN13507027	Plant sample from Castanea mollissima	WGA
SRR10672388	SAMN13507046	Plant sample from Castanea mollissima	WGA
SRR10672422	SAMN13506840	Plant sample from Castanea mollissima	WGA
SRR10672427	SAMN13507016	Plant sample from Castanea mollissima	WGA
SRR10672430	SAMN13507013	Plant sample from Castanea mollissima	WGA
SRR10672389	SAMN13507045	Plant sample from Castanea mollissima	WGA
SRR10672431	SAMN13507012	Plant sample from Castanea mollissima	WGA
SRR10672445	SAMN13506838	Plant sample from Castanea mollissima	WGA
SRR10672395	SAMN13506842	Plant sample from Castanea mollissima	WGA
SRR30566971	SAMN43471853	Plant sample from Castanea henryi	WGS
SRR30566976	SAMN43471848	Plant sample from Castanea henryi	WGS
SRR10672402	SAMN13507033	Plant sample from Castanea mollissima	WGA
SRR30566991	SAMN43471835	Plant sample from Castanea henryi	WGS
SRR30567007	SAMN43471820	Plant sample from Castanea seguinii	WGS
SRR10672405	SAMN13507030	Plant sample from Castanea mollissima	WGA
SRR30567009	SAMN43471818	Plant sample from Castanea seguinii	WGS
SRR30567013	SAMN43471815	Plant sample from Castanea seguinii	WGS
SRR30567021	SAMN43471763	Plant sample from Castanea mollissima	WGS
SRR10672410	SAMN13506820	Plant sample from Castanea mollissima	WGA
SRR30567033	SAMN43471797	Plant sample from Castanea mollissima	WGS
SRR30567037	SAMN43471793	Plant sample from Castanea mollissima	WGS
SRR10672411	SAMN13506841	Plant sample from Castanea mollissima	WGA
SRR30567038	SAMN43471792	Plant sample from Castanea mollissima	WGS
SRR30567041	SAMN43471789	Plant sample from Castanea mollissima	WGS
SRR10672416	SAMN13507025	Plant sample from Castanea mollissima	WGA
SRR30567046	SAMN43471785	Plant sample from Castanea mollissima	WGS
SRR30567056	SAMN43471776	Plant sample from Castanea mollissima	WGS
SRR30567060	SAMN43471772	Plant sample from Castanea mollissima	WGS
SRR10672421	SAMN13507020	Plant sample from Castanea mollissima	WGA
SRR30567062	SAMN43471770	Plant sample from Castanea mollissima	WGS
SRR10672433	SAMN13507010	Plant sample from Castanea mollissima	WGA
SRR30567065	SAMN43471759	Plant sample from Castanea mollissima	WGS
SRR9005582	SAMN11567914	Plant sample from Castanea seguinii	WGS
SRR10672437	SAMN13507007	Plant sample from Castanea mollissima	WGA
SRR9005593	SAMN11567930	Plant sample from Castanea henryi	WGS
SRR10672438	SAMN13507006	Plant sample from Castanea mollissima	WGA
SRR9005598	SAMN11567898	Plant sample from Castanea seguinii	WGS
SRR10672450	SAMN13506995	Plant sample from Castanea mollissima	WGA
SRR9005600	SAMN11567900	Plant sample from Castanea seguinii	WGS
SRR9005603	SAMN11567893	Plant sample from Castanea mollissima	WGS
SRR9005604	SAMN11567896	Plant sample from Castanea seguinii	WGS
SRR9005616	SAMN11567882	Plant sample from Castanea mollissima	WGS
SRR9005617	SAMN11567881	Plant sample from Castanea mollissima	WGS
SRR9005619	SAMN11567875	Plant sample from Castanea mollissima	WGS
SRR9005621	SAMN11567873	Plant sample from Castanea mollissima	WGS
SRR9005625	SAMN11567877	Plant sample from Castanea mollissima	WGS
SRR9005626	SAMN11567887	Plant sample from Castanea mollissima	WGS
SRR9005631	SAMN11567884	Plant sample from Castanea mollissima	WGS
SRR9005632	SAMN11567885	Plant sample from Castanea mollissima	WGS
SRR9005640	SAMN11567936	Plant sample from Castanea henryi	WGS
SRR9005645	SAMN11567939	Plant sample from Castanea henryi	WGS
SRR9005649	SAMN11567864	Plant sample from Castanea mollissima	WGS
SRR9005651	SAMN11567870	Plant sample from Castanea mollissima	WGS
SRR9005655	SAMN11567872	Plant sample from Castanea mollissima	WGS
SRR9005658	SAMN11567943	Plant sample from Castanea henryi	WGS
SRR9005663	SAMN11567948	Plant sample from Castanea henryi	WGS
SRR9005665	SAMN11567856	Plant sample from Castanea mollissima	WGS
SRR9005670	SAMN11567857	Plant sample from Castanea mollissima	WGS
SRR9005673	SAMN11567862	Plant sample from Castanea mollissima	WGS
SRR10671891	SAMN13506812	Plant sample from Castanea henryi	WGS
SRR10671895	SAMN13506808	Plant sample from Castanea henryi	WGS
SRR10671897	SAMN13506806	Plant sample from Castanea henryi	WGS
SRR10671899	SAMN13506819	Plant sample from Castanea henryi	WGS
SRR10671903	SAMN13506815	Plant sample from Castanea henryi	WGS
SRR10671929	SAMN13506992	Plant sample from Castanea mollissima	WGA
SRR10671930	SAMN13506991	Plant sample from Castanea mollissima	WGA
SRR10671951	SAMN13506972	Plant sample from Castanea mollissima	WGA
SRR10671960	SAMN13506964	Plant sample from Castanea mollissima	WGA
SRR10671964	SAMN13506960	Plant sample from Castanea mollissima	WGA
SRR10671965	SAMN13506834	Plant sample from Castanea mollissima	WGA
SRR10671966	SAMN13506959	Plant sample from Castanea mollissima	WGA
SRR10671979	SAMN13506947	Plant sample from Castanea mollissima	WGA
SRR10671980	SAMN13506946	Plant sample from Castanea mollissima	WGA
SRR10671981	SAMN13506945	Plant sample from Castanea mollissima	WGA
SRR10671983	SAMN13506943	Plant sample from Castanea mollissima	WGA
SRR10671985	SAMN13506941	Plant sample from Castanea mollissima	WGA
SRR10671986	SAMN13506940	Plant sample from Castanea mollissima	WGA
SRR10671989	SAMN13506938	Plant sample from Castanea mollissima	WGA
SRR10671995	SAMN13506932	Plant sample from Castanea mollissima	WGA
SRR10671998	SAMN13506831	Plant sample from Castanea mollissima	WGA
SRR10672001	SAMN13506927	Plant sample from Castanea mollissima	WGA
SRR10672003	SAMN13506925	Plant sample from Castanea mollissima	WGA
SRR10672006	SAMN13506922	Plant sample from Castanea mollissima	WGA
SRR10672008	SAMN13506918	Plant sample from Castanea mollissima	WGA
SRR10672009	SAMN13506917	Plant sample from Castanea mollissima	WGA
SRR10672010	SAMN13506916	Plant sample from Castanea mollissima	WGA
SRR10672011	SAMN13506915	Plant sample from Castanea mollissima	WGA
SRR10672014	SAMN13506912	Plant sample from Castanea mollissima	WGA
SRR10672016	SAMN13506910	Plant sample from Castanea mollissima	WGA
SRR10672023	SAMN13506904	Plant sample from Castanea mollissima	WGA
SRR10672024	SAMN13506903	Plant sample from Castanea mollissima	WGA
SRR10672030	SAMN13506898	Plant sample from Castanea mollissima	WGA
SRR10672034	SAMN13506894	Plant sample from Castanea mollissima	WGA
SRR10672038	SAMN13506890	Plant sample from Castanea mollissima	WGA
SRR10672041	SAMN13506888	Plant sample from Castanea mollissima	WGA
SRR10672044	SAMN13506885	Plant sample from Castanea mollissima	WGA
SRR10672047	SAMN13506882	Plant sample from Castanea mollissima	WGA
SRR10672051	SAMN13506879	Plant sample from Castanea mollissima	WGA
SRR10672054	SAMN13506876	Plant sample from Castanea mollissima	WGA
SRR10672056	SAMN13506874	Plant sample from Castanea mollissima	WGA
SRR10672057	SAMN13506873	Plant sample from Castanea mollissima	WGA
SRR10672059	SAMN13507342	Plant sample from Castanea mollissima	Hi-C
SRR10672061	SAMN13507340	Plant sample from Castanea mollissima	WGA
SRR10672062	SAMN13506872	Plant sample from Castanea mollissima	WGA
SRR10672074	SAMN13507329	Plant sample from Castanea mollissima	WGA
SRR10672078	SAMN13507325	Plant sample from Castanea mollissima	WGA
SRR10672079	SAMN13507324	Plant sample from Castanea mollissima	WGA
SRR10672081	SAMN13507322	Plant sample from Castanea mollissima	WGA
SRR10672084	SAMN13506870	Plant sample from Castanea mollissima	WGA
SRR10672085	SAMN13506825	Plant sample from Castanea mollissima	WGA
SRR10672091	SAMN13507314	Plant sample from Castanea mollissima	WGA
SRR10672092	SAMN13507313	Plant sample from Castanea mollissima	WGA
SRR10672093	SAMN13507312	Plant sample from Castanea mollissima	WGA
SRR10672097	SAMN13507309	Plant sample from Castanea mollissima	WGA
SRR10672109	SAMN13507298	Plant sample from Castanea mollissima	WGA
SRR10672120	SAMN13507288	Plant sample from Castanea mollissima	WGA
SRR10672123	SAMN13507285	Plant sample from Castanea mollissima	WGA
SRR10672130	SAMN13507279	Plant sample from Castanea mollissima	WGA
SRR10672138	SAMN13507271	Plant sample from Castanea mollissima	WGA
SRR10672141	SAMN13507269	Plant sample from Castanea mollissima	WGA
SRR10672146	SAMN13507264	Plant sample from Castanea mollissima	WGA
SRR10672153	SAMN13507258	Plant sample from Castanea mollissima	WGA
SRR10672157	SAMN13507254	Plant sample from Castanea mollissima	WGA
SRR10672159	SAMN13507252	Plant sample from Castanea mollissima	WGA
SRR10672164	SAMN13507248	Plant sample from Castanea mollissima	WGA
SRR10672165	SAMN13507247	Plant sample from Castanea mollissima	WGA
SRR10672169	SAMN13507243	Plant sample from Castanea mollissima	WGA
SRR10672170	SAMN13507242	Plant sample from Castanea mollissima	WGA
SRR10672171	SAMN13507241	Plant sample from Castanea mollissima	WGA
SRR10672184	SAMN13506861	Plant sample from Castanea mollissima	WGA
SRR10672186	SAMN13507228	Plant sample from Castanea mollissima	WGA
SRR10672187	SAMN13507227	Plant sample from Castanea mollissima	WGA
SRR10672188	SAMN13507226	Plant sample from Castanea mollissima	WGA
SRR10672191	SAMN13507223	Plant sample from Castanea mollissima	WGA
SRR10672194	SAMN13507220	Plant sample from Castanea mollissima	WGA
SRR10672196	SAMN13506824	Plant sample from Castanea mollissima	WGA
SRR10672199	SAMN13507217	Plant sample from Castanea mollissima	WGA
SRR10672203	SAMN13507213	Plant sample from Castanea mollissima	WGA
SRR10672205	SAMN13507211	Plant sample from Castanea mollissima	WGA
SRR10672212	SAMN13507205	Plant sample from Castanea mollissima	WGA
SRR10672221	SAMN13507197	Plant sample from Castanea mollissima	WGA
SRR10672226	SAMN13507192	Plant sample from Castanea mollissima	WGA
SRR10672233	SAMN13507186	Plant sample from Castanea mollissima	WGA
SRR10672234	SAMN13507185	Plant sample from Castanea mollissima	WGA
SRR10672239	SAMN13507180	Plant sample from Castanea mollissima	WGA
SRR10672241	SAMN13507179	Plant sample from Castanea mollissima	WGA
SRR10672247	SAMN13507173	Plant sample from Castanea mollissima	WGA
SRR10672255	SAMN13507166	Plant sample from Castanea mollissima	WGA
SRR10672262	SAMN13506854	Plant sample from Castanea mollissima	WGA
SRR10672277	SAMN13507146	Plant sample from Castanea mollissima	WGA
SRR10672279	SAMN13507144	Plant sample from Castanea mollissima	WGA
SRR10672281	SAMN13507142	Plant sample from Castanea mollissima	WGA
SRR10672287	SAMN13507137	Plant sample from Castanea mollissima	WGA
SRR10672289	SAMN13507135	Plant sample from Castanea mollissima	WGA
SRR10672294	SAMN13507130	Plant sample from Castanea mollissima	WGA
SRR10672295	SAMN13506851	Plant sample from Castanea mollissima	WGA
SRR10672302	SAMN13507123	Plant sample from Castanea mollissima	WGA
SRR10672314	SAMN13507113	Plant sample from Castanea mollissima	WGA
SRR10672320	SAMN13507108	Plant sample from Castanea mollissima	WGA
SRR10672321	SAMN13507107	Plant sample from Castanea mollissima	WGA
SRR10672326	SAMN13507102	Plant sample from Castanea mollissima	WGA
SRR10672329	SAMN13506848	Plant sample from Castanea mollissima	WGA
SRR10672331	SAMN13507098	Plant sample from Castanea mollissima	WGA
SRR10672333	SAMN13507096	Plant sample from Castanea mollissima	WGA
SRR10672334	SAMN13507095	Plant sample from Castanea mollissima	WGA
SRR10672337	SAMN13507092	Plant sample from Castanea mollissima	WGA
SRR10672339	SAMN13507090	Plant sample from Castanea mollissima	WGA
SRR10672341	SAMN13507089	Plant sample from Castanea mollissima	WGA
SRR10672343	SAMN13507087	Plant sample from Castanea mollissima	WGA
SRR10672356	SAMN13507075	Plant sample from Castanea mollissima	WGA
SRR10672371	SAMN13507061	Plant sample from Castanea mollissima	WGA
SRR10672372	SAMN13507060	Plant sample from Castanea mollissima	WGA
SRR10672375	SAMN13507058	Plant sample from Castanea mollissima	WGA
SRR10672377	SAMN13507056	Plant sample from Castanea mollissima	WGA
SRR10672382	SAMN13507051	Plant sample from Castanea mollissima	WGA
SRR10672398	SAMN13507037	Plant sample from Castanea mollissima	WGA
SRR10672399	SAMN13507036	Plant sample from Castanea mollissima	WGA
SRR10672401	SAMN13507034	Plant sample from Castanea mollissima	WGA
SRR10672404	SAMN13507031	Plant sample from Castanea mollissima	WGA
SRR10672406	SAMN13506921	Plant sample from Castanea mollissima	WGA
SRR10672417	SAMN13507024	Plant sample from Castanea mollissima	WGA
SRR10672418	SAMN13507023	Plant sample from Castanea mollissima	WGA
SRR10672419	SAMN13507022	Plant sample from Castanea mollissima	WGA
SRR10672420	SAMN13507021	Plant sample from Castanea mollissima	WGA
SRR10672424	SAMN13507019	Plant sample from Castanea mollissima	WGA
SRR10672425	SAMN13507018	Plant sample from Castanea mollissima	WGA
SRR10672434	SAMN13506839	Plant sample from Castanea mollissima	WGA
SRR10672435	SAMN13507009	Plant sample from Castanea mollissima	WGA
SRR10672436	SAMN13507008	Plant sample from Castanea mollissima	WGA
SRR10672440	SAMN13507004	Plant sample from Castanea mollissima	WGA
SRR10672448	SAMN13506997	Plant sample from Castanea mollissima	WGA
SRR9005576	SAMN11567920	Plant sample from Castanea seguinii	WGS
SRR9005588	SAMN11567925	Plant sample from Castanea henryi	WGS
SRR9005591	SAMN11567928	Plant sample from Castanea henryi	WGS
SRR9005592	SAMN11567929	Plant sample from Castanea henryi	WGS
SRR9005601	SAMN11567899	Plant sample from Castanea seguinii	WGS
SRR9005607	SAMN11567912	Plant sample from Castanea seguinii	WGS
SRR9005608	SAMN11567909	Plant sample from Castanea seguinii	WGS
SRR9005612	SAMN11567905	Plant sample from Castanea seguinii	WGS
SRR9005620	SAMN11567874	Plant sample from Castanea mollissima	WGS
SRR9005624	SAMN11567878	Plant sample from Castanea mollissima	WGS
SRR9005630	SAMN11567883	Plant sample from Castanea mollissima	WGS
SRR9005639	SAMN11567933	Plant sample from Castanea henryi	WGS
SRR9005647	SAMN11567866	Plant sample from Castanea mollissima	WGS
SRR9005661	SAMN11567950	Plant sample from Castanea henryi	WGS
SRR9005667	SAMN11567854	Plant sample from Castanea mollissima	WGS
SRR30566969	SAMN43471855	Plant sample from Castanea henryi	WGS
SRR30566977	SAMN43471767	Plant sample from Castanea mollissima	WGS
SRR30566979	SAMN43471846	Plant sample from Castanea henryi	WGS
SRR30566982	SAMN43471843	Plant sample from Castanea henryi	WGS
SRR30566988	SAMN43471766	Plant sample from Castanea mollissima	WGS
SRR30566993	SAMN43471833	Plant sample from Castanea henryi	WGS
SRR30566997	SAMN43471829	Plant sample from Castanea henryi	WGS
SRR30567012	SAMN43471816	Plant sample from Castanea seguinii	WGS
SRR30567014	SAMN43471814	Plant sample from Castanea seguinii	WGS
SRR30567024	SAMN43471805	Plant sample from Castanea seguinii	WGS
SRR30567028	SAMN43471801	Plant sample from Castanea seguinii	WGS
SRR30567029	SAMN43471800	Plant sample from Castanea mollissima	WGS
SRR30567030	SAMN43471799	Plant sample from Castanea mollissima	WGS
SRR30567034	SAMN43471796	Plant sample from Castanea mollissima	WGS
SRR30567042	SAMN43471788	Plant sample from Castanea mollissima	WGS
SRR30567058	SAMN43471774	Plant sample from Castanea mollissima	WGS
SRR30567061	SAMN43471771	Plant sample from Castanea mollissima	WGS
