run_accession	sample_accession	sample_alias	sample_title	library_strategy
SRR21681159	SAMN30971620	Z80	Plant sample from Castanea mollissima	RNA-Seq
SRR21681164	SAMN30971619	Z70	Plant sample from Castanea mollissima	RNA-Seq
SRR21681161	SAMN30971620	Z80	Plant sample from Castanea mollissima	RNA-Seq
SRR21681166	SAMN30971627	L100	Plant sample from Castanea mollissima	RNA-Seq
SRR21681168	SAMN30971626	L90	Plant sample from Castanea mollissima	RNA-Seq
SRR21681167	SAMN30971627	L100	Plant sample from Castanea mollissima	RNA-Seq
SRR21681174	SAMN30971624	L70	Plant sample from Castanea mollissima	RNA-Seq
SRR21681169	SAMN30971626	L90	Plant sample from Castanea mollissima	RNA-Seq
SRR21681175	SAMN30971618	Z60	Plant sample from Castanea mollissima	RNA-Seq
SRR21681176	SAMN30971624	L70	Plant sample from Castanea mollissima	RNA-Seq
SRR21681182	SAMN30971622	Z100	Plant sample from Castanea mollissima	RNA-Seq
SRR21681186	SAMN30971618	Z60	Plant sample from Castanea mollissima	RNA-Seq
SRR21681163	SAMN30971619	Z70	Plant sample from Castanea mollissima	RNA-Seq
SRR21681165	SAMN30971627	L100	Plant sample from Castanea mollissima	RNA-Seq
SRR21681173	SAMN30971625	L80	Plant sample from Castanea mollissima	RNA-Seq
SRR21681177	SAMN30971624	L70	Plant sample from Castanea mollissima	RNA-Seq
SRR21681179	SAMN30971623	L60	Plant sample from Castanea mollissima	RNA-Seq
SRR21681183	SAMN30971622	Z100	Plant sample from Castanea mollissima	RNA-Seq
SRR21681158	SAMN30971621	Z90	Plant sample from Castanea mollissima	RNA-Seq
SRR21681160	SAMN30971620	Z80	Plant sample from Castanea mollissima	RNA-Seq
SRR21681172	SAMN30971625	L80	Plant sample from Castanea mollissima	RNA-Seq
SRR21681184	SAMN30971621	Z90	Plant sample from Castanea mollissima	RNA-Seq
SRR21681185	SAMN30971621	Z90	Plant sample from Castanea mollissima	RNA-Seq
SRR21681187	SAMN30971618	Z60	Plant sample from Castanea mollissima	RNA-Seq
SRR21681162	SAMN30971619	Z70	Plant sample from Castanea mollissima	RNA-Seq
SRR21681170	SAMN30971626	L90	Plant sample from Castanea mollissima	RNA-Seq
SRR21681171	SAMN30971625	L80	Plant sample from Castanea mollissima	RNA-Seq
SRR21681178	SAMN30971623	L60	Plant sample from Castanea mollissima	RNA-Seq
SRR21681180	SAMN30971623	L60	Plant sample from Castanea mollissima	RNA-Seq
SRR21681181	SAMN30971622	Z100	Plant sample from Castanea mollissima	RNA-Seq
