run_accession	scientific_name	sample_accession
DRR304281	Castanea crenata	SAMD00387612
DRR304283	Castanea crenata	SAMD00387612
DRR304284	Castanea crenata	SAMD00387612
DRR304290	Castanea sativa x Castanea crenata	SAMD00387618
DRR304298	Castanea sativa x Castanea crenata	SAMD00387626
DRR304299	Castanea sativa x Castanea crenata	SAMD00387627
DRR304301	Castanea sativa x Castanea crenata	SAMD00387629
DRR304302	Castanea sativa x Castanea crenata	SAMD00387630
DRR304304	Castanea sativa x Castanea crenata	SAMD00387632
DRR304315	Castanea sativa x Castanea crenata	SAMD00387643
DRR304317	Castanea sativa x Castanea crenata	SAMD00387645
DRR304323	Castanea sativa x Castanea crenata	SAMD00387651
DRR304326	Castanea sativa x Castanea crenata	SAMD00387654
DRR304346	Castanea sativa x Castanea crenata	SAMD00387674
DRR304360	Castanea sativa x Castanea crenata	SAMD00387688
DRR304361	Castanea sativa x Castanea crenata	SAMD00387689
DRR304365	Castanea sativa x Castanea crenata	SAMD00387693
DRR304371	Castanea sativa x Castanea crenata	SAMD00387699
DRR304372	Castanea sativa x Castanea crenata	SAMD00387700
DRR304382	Castanea sativa x Castanea crenata	SAMD00387710
DRR304389	Castanea sativa x Castanea crenata	SAMD00387717
DRR304412	Castanea sativa x Castanea crenata	SAMD00387740
DRR304414	Castanea sativa x Castanea crenata	SAMD00387742
DRR304419	Castanea sativa x Castanea crenata	SAMD00387747
DRR304287	Castanea sativa x Castanea crenata	SAMD00387615
DRR304289	Castanea sativa x Castanea crenata	SAMD00387617
DRR304295	Castanea sativa x Castanea crenata	SAMD00387623
DRR304300	Castanea sativa x Castanea crenata	SAMD00387628
DRR304305	Castanea sativa x Castanea crenata	SAMD00387633
DRR304308	Castanea sativa x Castanea crenata	SAMD00387636
DRR304309	Castanea sativa x Castanea crenata	SAMD00387637
DRR304310	Castanea sativa x Castanea crenata	SAMD00387638
DRR304313	Castanea sativa x Castanea crenata	SAMD00387641
DRR304321	Castanea sativa x Castanea crenata	SAMD00387649
DRR304325	Castanea sativa x Castanea crenata	SAMD00387653
DRR304327	Castanea sativa x Castanea crenata	SAMD00387655
DRR304329	Castanea sativa x Castanea crenata	SAMD00387657
DRR304336	Castanea sativa x Castanea crenata	SAMD00387664
DRR304340	Castanea sativa x Castanea crenata	SAMD00387668
DRR304351	Castanea sativa x Castanea crenata	SAMD00387679
DRR304357	Castanea sativa x Castanea crenata	SAMD00387685
DRR304358	Castanea sativa x Castanea crenata	SAMD00387686
DRR304363	Castanea sativa x Castanea crenata	SAMD00387691
DRR304370	Castanea sativa x Castanea crenata	SAMD00387698
DRR304374	Castanea sativa x Castanea crenata	SAMD00387702
DRR304380	Castanea sativa x Castanea crenata	SAMD00387708
DRR304383	Castanea sativa x Castanea crenata	SAMD00387711
DRR304385	Castanea sativa x Castanea crenata	SAMD00387713
DRR304386	Castanea sativa x Castanea crenata	SAMD00387714
DRR304394	Castanea sativa x Castanea crenata	SAMD00387722
DRR304399	Castanea sativa x Castanea crenata	SAMD00387727
DRR304403	Castanea sativa x Castanea crenata	SAMD00387731
DRR304405	Castanea sativa x Castanea crenata	SAMD00387733
DRR304407	Castanea sativa x Castanea crenata	SAMD00387735
DRR304411	Castanea sativa x Castanea crenata	SAMD00387739
DRR304417	Castanea sativa x Castanea crenata	SAMD00387745
DRR304420	Castanea sativa x Castanea crenata	SAMD00387748
DRR304422	Castanea sativa x Castanea crenata	SAMD00387750
DRR304423	Castanea sativa x Castanea crenata	SAMD00387751
DRR304286	Castanea sativa	SAMD00387614
DRR304291	Castanea sativa x Castanea crenata	SAMD00387619
DRR304293	Castanea sativa x Castanea crenata	SAMD00387621
DRR304297	Castanea sativa x Castanea crenata	SAMD00387625
DRR304303	Castanea sativa x Castanea crenata	SAMD00387631
DRR304311	Castanea sativa x Castanea crenata	SAMD00387639
DRR304331	Castanea sativa x Castanea crenata	SAMD00387659
DRR304333	Castanea sativa x Castanea crenata	SAMD00387661
DRR304337	Castanea sativa x Castanea crenata	SAMD00387665
DRR304344	Castanea sativa x Castanea crenata	SAMD00387672
DRR304352	Castanea sativa x Castanea crenata	SAMD00387680
DRR304353	Castanea sativa x Castanea crenata	SAMD00387681
DRR304355	Castanea sativa x Castanea crenata	SAMD00387683
DRR304366	Castanea sativa x Castanea crenata	SAMD00387694
DRR304367	Castanea sativa x Castanea crenata	SAMD00387695
DRR304368	Castanea sativa x Castanea crenata	SAMD00387696
DRR304377	Castanea sativa x Castanea crenata	SAMD00387705
DRR304398	Castanea sativa x Castanea crenata	SAMD00387726
DRR304409	Castanea sativa x Castanea crenata	SAMD00387737
DRR304416	Castanea sativa x Castanea crenata	SAMD00387744
DRR304421	Castanea sativa x Castanea crenata	SAMD00387749
DRR304425	Castanea sativa x Castanea crenata	SAMD00387753
DRR304282	Castanea crenata	SAMD00387612
DRR304285	Castanea sativa x Castanea crenata	SAMD00387613
DRR304294	Castanea sativa x Castanea crenata	SAMD00387622
DRR304307	Castanea sativa x Castanea crenata	SAMD00387635
DRR304314	Castanea sativa x Castanea crenata	SAMD00387642
DRR304316	Castanea sativa x Castanea crenata	SAMD00387644
DRR304318	Castanea sativa x Castanea crenata	SAMD00387646
DRR304319	Castanea sativa x Castanea crenata	SAMD00387647
DRR304320	Castanea sativa x Castanea crenata	SAMD00387648
DRR304324	Castanea sativa x Castanea crenata	SAMD00387652
DRR304328	Castanea sativa x Castanea crenata	SAMD00387656
DRR304338	Castanea sativa x Castanea crenata	SAMD00387666
DRR304341	Castanea sativa x Castanea crenata	SAMD00387669
DRR304345	Castanea sativa x Castanea crenata	SAMD00387673
DRR304348	Castanea sativa x Castanea crenata	SAMD00387676
DRR304349	Castanea sativa x Castanea crenata	SAMD00387677
DRR304350	Castanea sativa x Castanea crenata	SAMD00387678
DRR304354	Castanea sativa x Castanea crenata	SAMD00387682
DRR304359	Castanea sativa x Castanea crenata	SAMD00387687
DRR304373	Castanea sativa x Castanea crenata	SAMD00387701
DRR304375	Castanea sativa x Castanea crenata	SAMD00387703
DRR304376	Castanea sativa x Castanea crenata	SAMD00387704
DRR304379	Castanea sativa x Castanea crenata	SAMD00387707
DRR304381	Castanea sativa x Castanea crenata	SAMD00387709
DRR304384	Castanea sativa x Castanea crenata	SAMD00387712
DRR304387	Castanea sativa x Castanea crenata	SAMD00387715
DRR304390	Castanea sativa x Castanea crenata	SAMD00387718
DRR304392	Castanea sativa x Castanea crenata	SAMD00387720
DRR304393	Castanea sativa x Castanea crenata	SAMD00387721
DRR304396	Castanea sativa x Castanea crenata	SAMD00387724
DRR304400	Castanea sativa x Castanea crenata	SAMD00387728
DRR304402	Castanea sativa x Castanea crenata	SAMD00387730
DRR304406	Castanea sativa x Castanea crenata	SAMD00387734
DRR304410	Castanea sativa x Castanea crenata	SAMD00387738
DRR304413	Castanea sativa x Castanea crenata	SAMD00387741
DRR304415	Castanea sativa x Castanea crenata	SAMD00387743
DRR304418	Castanea sativa x Castanea crenata	SAMD00387746
DRR304424	Castanea sativa x Castanea crenata	SAMD00387752
DRR304280	Castanea crenata	SAMD00387612
DRR304288	Castanea sativa x Castanea crenata	SAMD00387616
DRR304292	Castanea sativa x Castanea crenata	SAMD00387620
DRR304296	Castanea sativa x Castanea crenata	SAMD00387624
DRR304306	Castanea sativa x Castanea crenata	SAMD00387634
DRR304312	Castanea sativa x Castanea crenata	SAMD00387640
DRR304322	Castanea sativa x Castanea crenata	SAMD00387650
DRR304330	Castanea sativa x Castanea crenata	SAMD00387658
DRR304332	Castanea sativa x Castanea crenata	SAMD00387660
DRR304334	Castanea sativa x Castanea crenata	SAMD00387662
DRR304335	Castanea sativa x Castanea crenata	SAMD00387663
DRR304339	Castanea sativa x Castanea crenata	SAMD00387667
DRR304342	Castanea sativa x Castanea crenata	SAMD00387670
DRR304343	Castanea sativa x Castanea crenata	SAMD00387671
DRR304347	Castanea sativa x Castanea crenata	SAMD00387675
DRR304356	Castanea sativa x Castanea crenata	SAMD00387684
DRR304362	Castanea sativa x Castanea crenata	SAMD00387690
DRR304364	Castanea sativa x Castanea crenata	SAMD00387692
DRR304369	Castanea sativa x Castanea crenata	SAMD00387697
DRR304378	Castanea sativa x Castanea crenata	SAMD00387706
DRR304388	Castanea sativa x Castanea crenata	SAMD00387716
DRR304391	Castanea sativa x Castanea crenata	SAMD00387719
DRR304395	Castanea sativa x Castanea crenata	SAMD00387723
DRR304397	Castanea sativa x Castanea crenata	SAMD00387725
DRR304401	Castanea sativa x Castanea crenata	SAMD00387729
DRR304404	Castanea sativa x Castanea crenata	SAMD00387732
DRR304408	Castanea sativa x Castanea crenata	SAMD00387736
DRR304426	Castanea sativa x Castanea crenata	SAMD00387754
