run_accession	experiment_accession	sample_accession	study_accession	library_strategy	scientific_name
SRR15239608	SRX11545556	SAMN20371513	PRJNA527178	RNA-Seq	Castanea mollissima
SRR15239611	SRX11545553	SAMN20371513	PRJNA527178	RNA-Seq	Castanea mollissima
SRR15239612	SRX11545552	SAMN20371513	PRJNA527178	RNA-Seq	Castanea mollissima
SRR15239614	SRX11545550	SAMN20371513	PRJNA527178	RNA-Seq	Castanea mollissima
SRR15239635	SRX11545529	SAMN20371512	PRJNA527178	WGS	Castanea mollissima
SRR15239642	SRX11545522	SAMN20371512	PRJNA527178	WGS	Castanea mollissima
SRR15239643	SRX11545521	SAMN20371512	PRJNA527178	WGS	Castanea mollissima
SRR15239644	SRX11545520	SAMN20371512	PRJNA527178	WGS	Castanea mollissima
SRR15239646	SRX11545518	SAMN20371512	PRJNA527178	WGS	Castanea mollissima
SRR15239660	SRX11545504	SAMN20371512	PRJNA527178	WGS	Castanea mollissima
SRR15239666	SRX11545498	SAMN20371512	PRJNA527178	WGS	Castanea mollissima
SRR15239668	SRX11545496	SAMN20371512	PRJNA527178	RNA-Seq	Castanea mollissima
SRR15239675	SRX11545489	SAMN20371512	PRJNA527178	WGS	Castanea mollissima
SRR25168529	SRX20916782	SAMN36338812	PRJNA527178	WGS	Castanea mollissima
SRR25168533	SRX20916778	SAMN36338808	PRJNA527178	WGS	Castanea mollissima
SRR25168534	SRX20916777	SAMN36338807	PRJNA527178	WGS	Castanea mollissima
SRR25168541	SRX20916770	SAMN36338801	PRJNA527178	WGS	Castanea mollissima
SRR25168543	SRX20916768	SAMN36338799	PRJNA527178	WGS	Castanea mollissima
SRR25168544	SRX20916767	SAMN36338798	PRJNA527178	WGS	Castanea mollissima
SRR25168545	SRX20916766	SAMN36338797	PRJNA527178	WGS	Castanea mollissima
SRR25168546	SRX20916765	SAMN36338796	PRJNA527178	WGS	Castanea mollissima
SRR25168548	SRX20916763	SAMN36338794	PRJNA527178	WGS	Castanea mollissima
SRR25168552	SRX20916759	SAMN36338791	PRJNA527178	WGS	Castanea mollissima
SRR25168554	SRX20916757	SAMN36338789	PRJNA527178	WGS	Castanea mollissima
SRR25168562	SRX20916749	SAMN36338782	PRJNA527178	WGS	Castanea mollissima
SRR25168566	SRX20916745	SAMN36338778	PRJNA527178	WGS	Castanea mollissima
SRR25168569	SRX20916742	SAMN36338775	PRJNA527178	WGS	Castanea mollissima
SRR25168575	SRX20916736	SAMN36338770	PRJNA527178	WGS	Castanea mollissima
SRR25168580	SRX20916731	SAMN36338765	PRJNA527178	WGS	Castanea mollissima
SRR25168583	SRX20916728	SAMN36338763	PRJNA527178	WGS	Castanea mollissima
SRR25168587	SRX20916724	SAMN36338914	PRJNA527178	WGS	Castanea mollissima
SRR25168588	SRX20916723	SAMN36338761	PRJNA527178	WGS	Castanea mollissima
SRR25168590	SRX20916721	SAMN36338912	PRJNA527178	WGS	Castanea mollissima
SRR25168591	SRX20916720	SAMN36338911	PRJNA527178	WGS	Castanea mollissima
SRR25168595	SRX20916716	SAMN36338907	PRJNA527178	WGS	Castanea mollissima
SRR25168596	SRX20916715	SAMN36338843	PRJNA527178	WGS	Castanea mollissima
SRR25168597	SRX20916714	SAMN36338842	PRJNA527178	WGS	Castanea mollissima
SRR25168600	SRX20916711	SAMN36338839	PRJNA527178	WGS	Castanea mollissima
SRR25168606	SRX20916705	SAMN36338753	PRJNA527178	WGS	Castanea mollissima
SRR25168608	SRX20916703	SAMN36338832	PRJNA527178	WGS	Castanea mollissima
SRR25168612	SRX20916699	SAMN36338828	PRJNA527178	WGS	Castanea mollissima
SRR25168618	SRX20916693	SAMN36338823	PRJNA527178	WGS	Castanea mollissima
SRR25168619	SRX20916692	SAMN36338822	PRJNA527178	WGS	Castanea mollissima
SRR25168621	SRX20916690	SAMN36338820	PRJNA527178	WGS	Castanea mollissima
SRR25168639	SRX20916672	SAMN36338759	PRJNA527178	WGS	Castanea mollissima
SRR25168641	SRX20916670	SAMN36338892	PRJNA527178	WGS	Castanea mollissima
SRR25168648	SRX20916663	SAMN36338885	PRJNA527178	WGS	Castanea mollissima
SRR25168651	SRX20916660	SAMN36338883	PRJNA527178	WGS	Castanea mollissima
SRR25168652	SRX20916659	SAMN36338882	PRJNA527178	WGS	Castanea mollissima
SRR25168656	SRX20916655	SAMN36338878	PRJNA527178	WGS	Castanea mollissima
SRR25168661	SRX20916650	SAMN36338757	PRJNA527178	WGS	Castanea mollissima
SRR25168663	SRX20916648	SAMN36338872	PRJNA527178	WGS	Castanea mollissima
SRR25168664	SRX20916647	SAMN36338871	PRJNA527178	WGS	Castanea mollissima
SRR25168667	SRX20916644	SAMN36338868	PRJNA527178	WGS	Castanea mollissima
SRR25168675	SRX20916636	SAMN36338861	PRJNA527178	WGS	Castanea mollissima
SRR25168680	SRX20916631	SAMN36338856	PRJNA527178	WGS	Castanea mollissima
SRR25168686	SRX20916625	SAMN36338851	PRJNA527178	WGS	Castanea mollissima
SRR25168688	SRX20916623	SAMN36338849	PRJNA527178	WGS	Castanea mollissima
SRR8755082	SRX5545823	SAMN10461916	PRJNA527178	WGS	Castanea mollissima
SRR8755086	SRX5545819	SAMN10461916	PRJNA527178	WGS	Castanea mollissima
SRR8755090	SRX5545815	SAMN10461916	PRJNA527178	WGS	Castanea mollissima
SRR8755095	SRX5545810	SAMN10461916	PRJNA527178	WGS	Castanea mollissima
SRR15239605	SRX11545559	SAMN20371513	PRJNA527178	RNA-Seq	Castanea mollissima
SRR15239606	SRX11545558	SAMN20371513	PRJNA527178	RNA-Seq	Castanea mollissima
SRR15239613	SRX11545551	SAMN20371512	PRJNA527178	WGS	Castanea mollissima
SRR15239622	SRX11545542	SAMN20371512	PRJNA527178	WGS	Castanea mollissima
SRR15239624	SRX11545540	SAMN20371512	PRJNA527178	WGS	Castanea mollissima
SRR15239636	SRX11545528	SAMN20371512	PRJNA527178	WGS	Castanea mollissima
SRR15239637	SRX11545527	SAMN20371512	PRJNA527178	WGS	Castanea mollissima
SRR15239641	SRX11545523	SAMN20371512	PRJNA527178	WGS	Castanea mollissima
SRR15239652	SRX11545512	SAMN20371512	PRJNA527178	WGS	Castanea mollissima
SRR15239653	SRX11545511	SAMN20371512	PRJNA527178	WGS	Castanea mollissima
SRR15239663	SRX11545501	SAMN20371512	PRJNA527178	WGS	Castanea mollissima
SRR15239667	SRX11545497	SAMN20371512	PRJNA527178	WGS	Castanea mollissima
SRR15239678	SRX11545486	SAMN20371512	PRJNA527178	WGS	Castanea mollissima
SRR15239679	SRX11545485	SAMN20371512	PRJNA527178	Hi-C	Castanea mollissima
SRR25168527	SRX20916784	SAMN36338751	PRJNA527178	WGS	Castanea mollissima
SRR25168528	SRX20916783	SAMN36338813	PRJNA527178	WGS	Castanea mollissima
SRR25168540	SRX20916771	SAMN36338802	PRJNA527178	WGS	Castanea mollissima
SRR25168553	SRX20916758	SAMN36338790	PRJNA527178	WGS	Castanea mollissima
SRR25168556	SRX20916755	SAMN36338787	PRJNA527178	WGS	Castanea mollissima
SRR25168560	SRX20916751	SAMN36338748	PRJNA527178	WGS	Castanea mollissima
SRR25168563	SRX20916748	SAMN36338781	PRJNA527178	WGS	Castanea mollissima
SRR25168571	SRX20916740	SAMN36338747	PRJNA527178	WGS	Castanea mollissima
SRR25168578	SRX20916733	SAMN36338767	PRJNA527178	WGS	Castanea mollissima
SRR25168582	SRX20916729	SAMN36338746	PRJNA527178	WGS	Castanea mollissima
SRR25168593	SRX20916718	SAMN36338909	PRJNA527178	WGS	Castanea mollissima
SRR25168594	SRX20916717	SAMN36338908	PRJNA527178	WGS	Castanea mollissima
SRR25168599	SRX20916712	SAMN36338840	PRJNA527178	WGS	Castanea mollissima
SRR25168609	SRX20916702	SAMN36338831	PRJNA527178	WGS	Castanea mollissima
SRR25168614	SRX20916697	SAMN36338826	PRJNA527178	WGS	Castanea mollissima
SRR25168622	SRX20916689	SAMN36338819	PRJNA527178	WGS	Castanea mollissima
SRR25168626	SRX20916685	SAMN36338905	PRJNA527178	WGS	Castanea mollissima
SRR25168629	SRX20916682	SAMN36338903	PRJNA527178	WGS	Castanea mollissima
SRR25168637	SRX20916674	SAMN36338895	PRJNA527178	WGS	Castanea mollissima
SRR25168642	SRX20916669	SAMN36338891	PRJNA527178	WGS	Castanea mollissima
SRR25168653	SRX20916658	SAMN36338881	PRJNA527178	WGS	Castanea mollissima
SRR25168655	SRX20916656	SAMN36338879	PRJNA527178	WGS	Castanea mollissima
SRR25168660	SRX20916651	SAMN36338874	PRJNA527178	WGS	Castanea mollissima
SRR25168679	SRX20916632	SAMN36338857	PRJNA527178	WGS	Castanea mollissima
SRR8755083	SRX5545822	SAMN10461916	PRJNA527178	WGS	Castanea mollissima
SRR8755085	SRX5545820	SAMN10461916	PRJNA527178	WGS	Castanea mollissima
SRR8755088	SRX5545817	SAMN10461916	PRJNA527178	WGS	Castanea mollissima
SRR8755089	SRX5545816	SAMN10461916	PRJNA527178	WGS	Castanea mollissima
SRR8755091	SRX5545814	SAMN10461916	PRJNA527178	WGS	Castanea mollissima
SRR15239601	SRX11545563	SAMN20371513	PRJNA527178	RNA-Seq	Castanea mollissima
SRR15239602	SRX11545562	SAMN20371512	PRJNA527178	WGS	Castanea mollissima
SRR15239604	SRX11545560	SAMN20371513	PRJNA527178	RNA-Seq	Castanea mollissima
SRR15239621	SRX11545543	SAMN20371512	PRJNA527178	WGS	Castanea mollissima
SRR15239631	SRX11545533	SAMN20371512	PRJNA527178	WGS	Castanea mollissima
SRR15239638	SRX11545526	SAMN20371512	PRJNA527178	WGS	Castanea mollissima
SRR15239648	SRX11545516	SAMN20371512	PRJNA527178	WGS	Castanea mollissima
SRR15239654	SRX11545510	SAMN20371512	PRJNA527178	WGS	Castanea mollissima
SRR15239655	SRX11545509	SAMN20371512	PRJNA527178	WGS	Castanea mollissima
SRR15239657	SRX11545507	SAMN20371512	PRJNA527178	WGS	Castanea mollissima
SRR15239658	SRX11545506	SAMN20371512	PRJNA527178	WGS	Castanea mollissima
SRR15239661	SRX11545503	SAMN20371512	PRJNA527178	WGS	Castanea mollissima
SRR15239664	SRX11545500	SAMN20371512	PRJNA527178	WGS	Castanea mollissima
SRR15239665	SRX11545499	SAMN20371512	PRJNA527178	WGS	Castanea mollissima
SRR15239677	SRX11545487	SAMN20371512	PRJNA527178	WGS	Castanea mollissima
SRR25168525	SRX20916786	SAMN36338815	PRJNA527178	WGS	Castanea mollissima
SRR25168526	SRX20916785	SAMN36338814	PRJNA527178	WGS	Castanea mollissima
SRR25168537	SRX20916774	SAMN36338804	PRJNA527178	WGS	Castanea mollissima
SRR25168542	SRX20916769	SAMN36338800	PRJNA527178	WGS	Castanea mollissima
SRR25168550	SRX20916761	SAMN36338793	PRJNA527178	WGS	Castanea mollissima
SRR25168561	SRX20916750	SAMN36338783	PRJNA527178	WGS	Castanea mollissima
SRR25168564	SRX20916747	SAMN36338780	PRJNA527178	WGS	Castanea mollissima
SRR25168565	SRX20916746	SAMN36338779	PRJNA527178	WGS	Castanea mollissima
SRR25168573	SRX20916738	SAMN36338772	PRJNA527178	WGS	Castanea mollissima
SRR25168584	SRX20916727	SAMN36338762	PRJNA527178	WGS	Castanea mollissima
SRR25168592	SRX20916719	SAMN36338910	PRJNA527178	WGS	Castanea mollissima
SRR25168602	SRX20916709	SAMN36338837	PRJNA527178	WGS	Castanea mollissima
SRR25168613	SRX20916698	SAMN36338827	PRJNA527178	WGS	Castanea mollissima
SRR25168617	SRX20916694	SAMN36338752	PRJNA527178	WGS	Castanea mollissima
SRR25168620	SRX20916691	SAMN36338821	PRJNA527178	WGS	Castanea mollissima
SRR25168623	SRX20916688	SAMN36338818	PRJNA527178	WGS	Castanea mollissima
SRR25168624	SRX20916687	SAMN36338817	PRJNA527178	WGS	Castanea mollissima
SRR25168627	SRX20916684	SAMN36338904	PRJNA527178	WGS	Castanea mollissima
SRR25168628	SRX20916683	SAMN36338760	PRJNA527178	WGS	Castanea mollissima
SRR25168631	SRX20916680	SAMN36338901	PRJNA527178	WGS	Castanea mollissima
SRR25168644	SRX20916667	SAMN36338889	PRJNA527178	WGS	Castanea mollissima
SRR25168647	SRX20916664	SAMN36338886	PRJNA527178	WGS	Castanea mollissima
SRR25168659	SRX20916652	SAMN36338875	PRJNA527178	WGS	Castanea mollissima
SRR25168669	SRX20916642	SAMN36338866	PRJNA527178	WGS	Castanea mollissima
SRR25168670	SRX20916641	SAMN36338865	PRJNA527178	WGS	Castanea mollissima
SRR25168671	SRX20916640	SAMN36338864	PRJNA527178	WGS	Castanea mollissima
SRR25168672	SRX20916639	SAMN36338756	PRJNA527178	WGS	Castanea mollissima
SRR25168677	SRX20916634	SAMN36338859	PRJNA527178	WGS	Castanea mollissima
SRR25168687	SRX20916624	SAMN36338850	PRJNA527178	WGS	Castanea mollissima
SRR25168693	SRX20916618	SAMN36338844	PRJNA527178	WGS	Castanea mollissima
SRR8731963	SRX5524824	SAMN11130133	PRJNA527178	WGS	Castanea mollissima
SRR8755097	SRX5545808	SAMN10461916	PRJNA527178	WGS	Castanea mollissima
SRR15239600	SRX11545564	SAMN20371512	PRJNA527178	WGS	Castanea mollissima
SRR15239607	SRX11545557	SAMN20371513	PRJNA527178	RNA-Seq	Castanea mollissima
SRR15239609	SRX11545555	SAMN20371513	PRJNA527178	RNA-Seq	Castanea mollissima
SRR15239616	SRX11545548	SAMN20371513	PRJNA527178	RNA-Seq	Castanea mollissima
SRR15239618	SRX11545546	SAMN20371513	PRJNA527178	RNA-Seq	Castanea mollissima
SRR15239619	SRX11545545	SAMN20371513	PRJNA527178	RNA-Seq	Castanea mollissima
SRR15239620	SRX11545544	SAMN20371513	PRJNA527178	RNA-Seq	Castanea mollissima
SRR15239623	SRX11545541	SAMN20371512	PRJNA527178	WGS	Castanea mollissima
SRR15239625	SRX11545539	SAMN20371512	PRJNA527178	WGS	Castanea mollissima
SRR15239626	SRX11545538	SAMN20371512	PRJNA527178	WGS	Castanea mollissima
SRR15239627	SRX11545537	SAMN20371512	PRJNA527178	WGS	Castanea mollissima
SRR15239629	SRX11545535	SAMN20371512	PRJNA527178	WGS	Castanea mollissima
SRR15239640	SRX11545524	SAMN20371512	PRJNA527178	WGS	Castanea mollissima
SRR15239649	SRX11545515	SAMN20371512	PRJNA527178	WGS	Castanea mollissima
SRR15239650	SRX11545514	SAMN20371512	PRJNA527178	WGS	Castanea mollissima
SRR15239656	SRX11545508	SAMN20371512	PRJNA527178	WGS	Castanea mollissima
SRR15239659	SRX11545505	SAMN20371512	PRJNA527178	WGS	Castanea mollissima
SRR15239670	SRX11545494	SAMN20371512	PRJNA527178	WGS	Castanea mollissima
SRR15239671	SRX11545493	SAMN20371512	PRJNA527178	WGS	Castanea mollissima
SRR15239674	SRX11545490	SAMN20371512	PRJNA527178	WGS	Castanea mollissima
SRR25168530	SRX20916781	SAMN36338811	PRJNA527178	WGS	Castanea mollissima
SRR25168531	SRX20916780	SAMN36338810	PRJNA527178	WGS	Castanea mollissima
SRR25168535	SRX20916776	SAMN36338806	PRJNA527178	WGS	Castanea mollissima
SRR25168539	SRX20916772	SAMN36338803	PRJNA527178	WGS	Castanea mollissima
SRR25168549	SRX20916762	SAMN36338749	PRJNA527178	WGS	Castanea mollissima
SRR25168551	SRX20916760	SAMN36338792	PRJNA527178	WGS	Castanea mollissima
SRR25168557	SRX20916754	SAMN36338786	PRJNA527178	WGS	Castanea mollissima
SRR25168559	SRX20916752	SAMN36338784	PRJNA527178	WGS	Castanea mollissima
SRR25168567	SRX20916744	SAMN36338777	PRJNA527178	WGS	Castanea mollissima
SRR25168574	SRX20916737	SAMN36338771	PRJNA527178	WGS	Castanea mollissima
SRR25168576	SRX20916735	SAMN36338769	PRJNA527178	WGS	Castanea mollissima
SRR25168577	SRX20916734	SAMN36338768	PRJNA527178	WGS	Castanea mollissima
SRR25168586	SRX20916725	SAMN36338915	PRJNA527178	WGS	Castanea mollissima
SRR25168589	SRX20916722	SAMN36338913	PRJNA527178	WGS	Castanea mollissima
SRR25168598	SRX20916713	SAMN36338841	PRJNA527178	WGS	Castanea mollissima
SRR25168603	SRX20916708	SAMN36338836	PRJNA527178	WGS	Castanea mollissima
SRR25168604	SRX20916707	SAMN36338835	PRJNA527178	WGS	Castanea mollissima
SRR25168611	SRX20916700	SAMN36338829	PRJNA527178	WGS	Castanea mollissima
SRR25168615	SRX20916696	SAMN36338825	PRJNA527178	WGS	Castanea mollissima
SRR25168625	SRX20916686	SAMN36338906	PRJNA527178	WGS	Castanea mollissima
SRR25168630	SRX20916681	SAMN36338902	PRJNA527178	WGS	Castanea mollissima
SRR25168632	SRX20916679	SAMN36338900	PRJNA527178	WGS	Castanea mollissima
SRR25168634	SRX20916677	SAMN36338898	PRJNA527178	WGS	Castanea mollissima
SRR25168638	SRX20916673	SAMN36338894	PRJNA527178	WGS	Castanea mollissima
SRR25168646	SRX20916665	SAMN36338887	PRJNA527178	WGS	Castanea mollissima
SRR25168650	SRX20916661	SAMN36338758	PRJNA527178	WGS	Castanea mollissima
SRR25168658	SRX20916653	SAMN36338876	PRJNA527178	WGS	Castanea mollissima
SRR25168673	SRX20916638	SAMN36338863	PRJNA527178	WGS	Castanea mollissima
SRR25168676	SRX20916635	SAMN36338860	PRJNA527178	WGS	Castanea mollissima
SRR25168678	SRX20916633	SAMN36338858	PRJNA527178	WGS	Castanea mollissima
SRR25168681	SRX20916630	SAMN36338855	PRJNA527178	WGS	Castanea mollissima
SRR25168682	SRX20916629	SAMN36338854	PRJNA527178	WGS	Castanea mollissima
SRR25168683	SRX20916628	SAMN36338755	PRJNA527178	WGS	Castanea mollissima
SRR25168684	SRX20916627	SAMN36338853	PRJNA527178	WGS	Castanea mollissima
SRR25168685	SRX20916626	SAMN36338852	PRJNA527178	WGS	Castanea mollissima
SRR25168689	SRX20916622	SAMN36338848	PRJNA527178	WGS	Castanea mollissima
SRR25168691	SRX20916620	SAMN36338846	PRJNA527178	WGS	Castanea mollissima
SRR25168695	SRX20916616	SAMN36338745	PRJNA527178	WGS	Castanea mollissima
SRR25168696	SRX20916615	SAMN36338744	PRJNA527178	WGS	Castanea mollissima
SRR8755084	SRX5545821	SAMN10461916	PRJNA527178	WGS	Castanea mollissima
SRR8755087	SRX5545818	SAMN10461916	PRJNA527178	WGS	Castanea mollissima
SRR8755094	SRX5545811	SAMN10461916	PRJNA527178	WGS	Castanea mollissima
SRR8755096	SRX5545809	SAMN10461916	PRJNA527178	WGS	Castanea mollissima
SRR15239603	SRX11545561	SAMN20371513	PRJNA527178	RNA-Seq	Castanea mollissima
SRR15239610	SRX11545554	SAMN20371513	PRJNA527178	RNA-Seq	Castanea mollissima
SRR15239615	SRX11545549	SAMN20371513	PRJNA527178	RNA-Seq	Castanea mollissima
SRR15239617	SRX11545547	SAMN20371513	PRJNA527178	RNA-Seq	Castanea mollissima
SRR15239628	SRX11545536	SAMN20371512	PRJNA527178	WGS	Castanea mollissima
SRR15239630	SRX11545534	SAMN20371512	PRJNA527178	WGS	Castanea mollissima
SRR15239632	SRX11545532	SAMN20371512	PRJNA527178	WGS	Castanea mollissima
SRR15239633	SRX11545531	SAMN20371512	PRJNA527178	WGS	Castanea mollissima
SRR15239634	SRX11545530	SAMN20371512	PRJNA527178	WGS	Castanea mollissima
SRR15239639	SRX11545525	SAMN20371512	PRJNA527178	WGS	Castanea mollissima
SRR15239645	SRX11545519	SAMN20371512	PRJNA527178	WGS	Castanea mollissima
SRR15239647	SRX11545517	SAMN20371512	PRJNA527178	WGS	Castanea mollissima
SRR15239651	SRX11545513	SAMN20371512	PRJNA527178	WGS	Castanea mollissima
SRR15239662	SRX11545502	SAMN20371512	PRJNA527178	WGS	Castanea mollissima
SRR15239669	SRX11545495	SAMN20371512	PRJNA527178	WGS	Castanea mollissima
SRR15239672	SRX11545492	SAMN20371512	PRJNA527178	WGS	Castanea mollissima
SRR15239673	SRX11545491	SAMN20371512	PRJNA527178	WGS	Castanea mollissima
SRR15239676	SRX11545488	SAMN20371512	PRJNA527178	WGS	Castanea mollissima
SRR15239680	SRX11545484	SAMN20371512	PRJNA527178	Hi-C	Castanea mollissima
SRR25168524	SRX20916787	SAMN36338816	PRJNA527178	WGS	Castanea mollissima
SRR25168532	SRX20916779	SAMN36338809	PRJNA527178	WGS	Castanea mollissima
SRR25168536	SRX20916775	SAMN36338805	PRJNA527178	WGS	Castanea mollissima
SRR25168538	SRX20916773	SAMN36338750	PRJNA527178	WGS	Castanea mollissima
SRR25168547	SRX20916764	SAMN36338795	PRJNA527178	WGS	Castanea mollissima
SRR25168555	SRX20916756	SAMN36338788	PRJNA527178	WGS	Castanea mollissima
SRR25168558	SRX20916753	SAMN36338785	PRJNA527178	WGS	Castanea mollissima
SRR25168568	SRX20916743	SAMN36338776	PRJNA527178	WGS	Castanea mollissima
SRR25168570	SRX20916741	SAMN36338774	PRJNA527178	WGS	Castanea mollissima
SRR25168572	SRX20916739	SAMN36338773	PRJNA527178	WGS	Castanea mollissima
SRR25168579	SRX20916732	SAMN36338766	PRJNA527178	WGS	Castanea mollissima
SRR25168581	SRX20916730	SAMN36338764	PRJNA527178	WGS	Castanea mollissima
SRR25168585	SRX20916726	SAMN36338916	PRJNA527178	WGS	Castanea mollissima
SRR25168601	SRX20916710	SAMN36338838	PRJNA527178	WGS	Castanea mollissima
SRR25168605	SRX20916706	SAMN36338834	PRJNA527178	WGS	Castanea mollissima
SRR25168607	SRX20916704	SAMN36338833	PRJNA527178	WGS	Castanea mollissima
SRR25168610	SRX20916701	SAMN36338830	PRJNA527178	WGS	Castanea mollissima
SRR25168616	SRX20916695	SAMN36338824	PRJNA527178	WGS	Castanea mollissima
SRR25168633	SRX20916678	SAMN36338899	PRJNA527178	WGS	Castanea mollissima
SRR25168635	SRX20916676	SAMN36338897	PRJNA527178	WGS	Castanea mollissima
SRR25168636	SRX20916675	SAMN36338896	PRJNA527178	WGS	Castanea mollissima
SRR25168640	SRX20916671	SAMN36338893	PRJNA527178	WGS	Castanea mollissima
SRR25168643	SRX20916668	SAMN36338890	PRJNA527178	WGS	Castanea mollissima
SRR25168645	SRX20916666	SAMN36338888	PRJNA527178	WGS	Castanea mollissima
SRR25168649	SRX20916662	SAMN36338884	PRJNA527178	WGS	Castanea mollissima
SRR25168654	SRX20916657	SAMN36338880	PRJNA527178	WGS	Castanea mollissima
SRR25168657	SRX20916654	SAMN36338877	PRJNA527178	WGS	Castanea mollissima
SRR25168662	SRX20916649	SAMN36338873	PRJNA527178	WGS	Castanea mollissima
SRR25168665	SRX20916646	SAMN36338870	PRJNA527178	WGS	Castanea mollissima
SRR25168666	SRX20916645	SAMN36338869	PRJNA527178	WGS	Castanea mollissima
SRR25168668	SRX20916643	SAMN36338867	PRJNA527178	WGS	Castanea mollissima
SRR25168674	SRX20916637	SAMN36338862	PRJNA527178	WGS	Castanea mollissima
SRR25168690	SRX20916621	SAMN36338847	PRJNA527178	WGS	Castanea mollissima
SRR25168692	SRX20916619	SAMN36338845	PRJNA527178	WGS	Castanea mollissima
SRR25168694	SRX20916617	SAMN36338754	PRJNA527178	WGS	Castanea mollissima
SRR8731962	SRX5524825	SAMN11130132	PRJNA527178	RNA-Seq	Castanea mollissima
SRR8755092	SRX5545813	SAMN10461916	PRJNA527178	WGS	Castanea mollissima
SRR8755093	SRX5545812	SAMN10461916	PRJNA527178	WGS	Castanea mollissima
