experiment_accession	run_accession	sample_accession	experiment_title	sample_title	scientific_name	study_accession
SRX001799	SRR006295	SAMN00000760	454 GS 20 sequencing: 454 sequencing of Castanea dentata transcript fragment library	Generic sample from Castanea dentata	Castanea dentata	
SRX001800	SRR006296	SAMN00000761	454 GS FLX sequencing: 454 sequencing of Castanea dentata transcript fragment library	Generic sample from Castanea dentata	Castanea dentata	
SRX001800	SRR029309	SAMN00000761	454 GS FLX sequencing: 454 sequencing of Castanea dentata transcript fragment library	Generic sample from Castanea dentata	Castanea dentata	
SRX001801	SRR006297	SAMN00000762	454 GS FLX sequencing: 454 sequencing of Castanea dentata transcript fragment library	Generic sample from Castanea dentata	Castanea dentata	
SRX001801	SRR029310	SAMN00000762	454 GS FLX sequencing: 454 sequencing of Castanea dentata transcript fragment library	Generic sample from Castanea dentata	Castanea dentata	
SRX001804	SRR006300	SAMN00000765	454 GS FLX sequencing: 454 sequencing of Castanea mollissima canker transcript fragment library	Generic sample from Castanea mollissima	Castanea mollissima	
SRX001805	SRR006301	SAMN00000766	454 GS FLX sequencing: 454 sequencing of Castanea mollissima healthy stem 1 transcript fragment library	Generic sample from Castanea mollissima	Castanea mollissima	
SRX001805	SRR006302	SAMN00000766	454 GS FLX sequencing: 454 sequencing of Castanea mollissima healthy stem 1 transcript fragment library	Generic sample from Castanea mollissima	Castanea mollissima	
SRX001806	SRR006303	SAMN00000767	454 GS FLX sequencing: 454 sequencing of Castanea mollissima healthy stem 2 transcript fragment library	Generic sample from Castanea mollissima	Castanea mollissima	
SRX001806	SRR006304	SAMN00000767	454 GS FLX sequencing: 454 sequencing of Castanea mollissima healthy stem 2 transcript fragment library	Generic sample from Castanea mollissima	Castanea mollissima	
