Run,ReleaseDate,LoadDate,spots,bases,spots_with_mates,avgLength,size_MB,AssemblyName,download_path,Experiment,LibraryName,LibraryStrategy,LibrarySelection,LibrarySource,LibraryLayout,InsertSize,InsertDev,Platform,Model,SRAStudy,BioProject,Study_Pubmed_id,ProjectID,Sample,BioSample,SampleType,TaxID,ScientificName,SampleName,g1k_pop_code,source,g1k_analysis_group,Subject_ID,Sex,Disease,Tumor,Affection_Status,Analyte_Type,Histological_Type,Body_Site,CenterName,Submission,dbgap_study_accession,Consent,RunHash,ReadHash
SRR9055957,2019-07-01 01:00:48,2019-05-14 21:21:09,30103786,9031135800,30103786,300,2772,,https://sra-downloadb.be-md.ncbi.nlm.nih.gov/sos9/sra-pub-zq-922/SRR009/055/SRR9055957.sralite.1,SRX5832173,I_YF1_2,RNA-Seq,Oligo-dT,TRANSCRIPTOMIC,PAIRED,0,0,ILLUMINA,Illumina HiSeq X Ten,SRP198418,PRJNA540079,,540079,SRS4758680,SAMN11523168,simple,60419,Castanea mollissima,I_YF1_2,,,,,,,no,,,,,SOUTHWEST FORESTRY UNIVERSITY,SRA886561,,public,BE64A854BA5E85AB540F1413F5E5E4C5,BC23F50A88E33048A74A8DFDCE27FB22
SRR9055956,2019-07-01 01:00:48,2019-05-14 21:18:39,25448714,7634614200,25448714,300,2301,,https://sra-downloadb.be-md.ncbi.nlm.nih.gov/sos12/sra-pub-zq-1216/SRR009/055/SRR9055956.sralite.1,SRX5832174,I_YF1_3,RNA-Seq,Oligo-dT,TRANSCRIPTOMIC,PAIRED,0,0,ILLUMINA,Illumina HiSeq X Ten,SRP198418,PRJNA540079,,540079,SRS4758681,SAMN11523169,simple,60419,Castanea mollissima,I_YF1_3,,,,,,,no,,,,,SOUTHWEST FORESTRY UNIVERSITY,SRA886561,,public,345726D66792509E0502A747DBF010CA,D8BDE18AF36FEE84742344AE8C86826E
SRR9055955,2019-07-01 01:00:48,2019-05-14 21:18:44,25700671,7710201300,25700671,300,2332,,https://sra-downloadb.be-md.ncbi.nlm.nih.gov/sos12/sra-pub-zq-1214/SRR009/055/SRR9055955.sralite.1,SRX5832175,I_YRZ_1,RNA-Seq,Oligo-dT,TRANSCRIPTOMIC,PAIRED,0,0,ILLUMINA,Illumina HiSeq X Ten,SRP198418,PRJNA540079,,540079,SRS4758682,SAMN11523170,simple,60419,Castanea mollissima,I_YRZ_1,,,,,,,no,,,,,SOUTHWEST FORESTRY UNIVERSITY,SRA886561,,public,D3578B769177303A738308008EB872A6,CFAFB52B3CBBA2511B752A14E22D9328
SRR9055954,2019-07-01 01:00:48,2019-05-14 21:21:06,32153273,9645981900,32153273,300,3012,,https://sra-downloadb.be-md.ncbi.nlm.nih.gov/sos12/sra-pub-zq-1216/SRR009/055/SRR9055954.sralite.1,SRX5832176,I_YF2_3,RNA-Seq,Oligo-dT,TRANSCRIPTOMIC,PAIRED,0,0,ILLUMINA,Illumina HiSeq X Ten,SRP198418,PRJNA540079,,540079,SRS4758683,SAMN11523175,simple,60419,Castanea mollissima,I_YF2_3,,,,,,,no,,,,,SOUTHWEST FORESTRY UNIVERSITY,SRA886561,,public,5163B5ADCA600DBF6B19C7A011EA117C,230AAEDA981353D8FAA0388547C53FAF
SRR9055953,2019-07-01 01:00:48,2019-05-14 21:19:09,24825417,7447625100,24825417,300,2290,,https://sra-downloadb.be-md.ncbi.nlm.nih.gov/sos12/sra-pub-zq-1214/SRR009/055/SRR9055953.sralite.1,SRX5832177,I_YL_1,RNA-Seq,Oligo-dT,TRANSCRIPTOMIC,PAIRED,0,0,ILLUMINA,Illumina HiSeq X Ten,SRP198418,PRJNA540079,,540079,SRS4758684,SAMN11523176,simple,60419,Castanea mollissima,I_YL_1,,,,,,,no,,,,,SOUTHWEST FORESTRY UNIVERSITY,SRA886561,,public,A94DA5981183AAFD04B2E1E86F2704FA,7AF5D80357CB8CA0926A4C7CB7B34688
SRR9055952,2019-07-01 01:00:48,2019-05-14 21:18:22,24307364,7292209200,24307364,300,2737,,https://sra-downloadb.be-md.ncbi.nlm.nih.gov/sos12/sra-pub-zq-1216/SRR009/055/SRR9055952.sralite.1,SRX5832178,III_YF1_3,RNA-Seq,Oligo-dT,TRANSCRIPTOMIC,PAIRED,0,0,ILLUMINA,Illumina HiSeq X Ten,SRP198418,PRJNA540079,,540079,SRS4758685,SAMN11523205,simple,60419,Castanea mollissima,III_YF1_3,,,,,,,no,,,,,SOUTHWEST FORESTRY UNIVERSITY,SRA886561,,public,A215EEC4A5C88F33403CDDCD8DB55608,20FBA47CCDD4E82D40BD6A5B927D97E6
SRR9055951,2019-07-01 01:00:48,2019-05-14 21:21:34,28791958,8637587400,28791958,300,3299,,https://sra-downloadb.be-md.ncbi.nlm.nih.gov/sos12/sra-pub-zq-1216/SRR009/055/SRR9055951.sralite.1,SRX5832179,III_YRZ_1,RNA-Seq,Oligo-dT,TRANSCRIPTOMIC,PAIRED,0,0,ILLUMINA,Illumina HiSeq X Ten,SRP198418,PRJNA540079,,540079,SRS4758686,SAMN11523206,simple,60419,Castanea mollissima,III_YRZ_1,,,,,,,no,,,,,SOUTHWEST FORESTRY UNIVERSITY,SRA886561,,public,2A3DD281466C159525A4A0E3ED69002F,25A8BA107A663233816099CD1077F381
SRR9055950,2019-07-01 01:00:48,2019-05-14 21:19:19,24401189,7320356700,24401189,300,2287,,https://sra-downloadb.be-md.ncbi.nlm.nih.gov/sos12/sra-pub-zq-1214/SRR009/055/SRR9055950.sralite.1,SRX5832180,II_YM2_2,RNA-Seq,Oligo-dT,TRANSCRIPTOMIC,PAIRED,0,0,ILLUMINA,Illumina HiSeq X Ten,SRP198418,PRJNA540079,,540079,SRS4758687,SAMN11523201,simple,60419,Castanea mollissima,II_YM2_2,,,,,,,no,,,,,SOUTHWEST FORESTRY UNIVERSITY,SRA886561,,public,B0974E649F7C9E8464F761511BC1C0FE,8CE92399C44C78454B276251E33CD15C
SRR9055949,2019-07-01 01:00:48,2019-05-14 21:18:19,24898984,7469695200,24898984,300,2296,,https://sra-downloadb.be-md.ncbi.nlm.nih.gov/sos12/sra-pub-zq-1216/SRR009/055/SRR9055949.sralite.1,SRX5832181,II_YM2_3,RNA-Seq,Oligo-dT,TRANSCRIPTOMIC,PAIRED,0,0,ILLUMINA,Illumina HiSeq X Ten,SRP198418,PRJNA540079,,540079,SRS4758688,SAMN11523202,simple,60419,Castanea mollissima,II_YM2_3,,,,,,,no,,,,,SOUTHWEST FORESTRY UNIVERSITY,SRA886561,,public,8437D0C0211DF0D560F3FE06BD88D2DC,9F02802D336A00AF4ED5DD935C57BF36
SRR9055948,2019-07-01 01:00:48,2019-05-14 21:20:02,27498410,8249523000,27498410,300,3090,,https://sra-downloadb.be-md.ncbi.nlm.nih.gov/sos12/sra-pub-zq-1216/SRR009/055/SRR9055948.sralite.1,SRX5832182,III_YF1_1,RNA-Seq,Oligo-dT,TRANSCRIPTOMIC,PAIRED,0,0,ILLUMINA,Illumina HiSeq X Ten,SRP198418,PRJNA540079,,540079,SRS4758689,SAMN11523203,simple,60419,Castanea mollissima,III_YF1_1,,,,,,,no,,,,,SOUTHWEST FORESTRY UNIVERSITY,SRA886561,,public,324E21AE57BFA34EAA7EC0734A5CAC07,451B627E903686C3FEAC920EB3F6A209
SRR9055947,2019-07-01 01:00:48,2019-05-14 21:21:58,29157651,8747295300,29157651,300,3208,,https://sra-downloadb.be-md.ncbi.nlm.nih.gov/sos12/sra-pub-zq-1216/SRR009/055/SRR9055947.sralite.1,SRX5832183,III_YF1_2,RNA-Seq,Oligo-dT,TRANSCRIPTOMIC,PAIRED,0,0,ILLUMINA,Illumina HiSeq X Ten,SRP198418,PRJNA540079,,540079,SRS4758690,SAMN11523204,simple,60419,Castanea mollissima,III_YF1_2,,,,,,,no,,,,,SOUTHWEST FORESTRY UNIVERSITY,SRA886561,,public,8853540E88D004F7200C199F0521B095,72860841ECEECE0C56D0BB6099F02CB1
SRR9055946,2019-07-01 01:00:48,2019-05-14 21:20:32,26070498,7821149400,26070498,300,2412,,https://sra-downloadb.be-md.ncbi.nlm.nih.gov/sos12/sra-pub-zq-1216/SRR009/055/SRR9055946.sralite.1,SRX5832184,II_YM1_1,RNA-Seq,Oligo-dT,TRANSCRIPTOMIC,PAIRED,0,0,ILLUMINA,Illumina HiSeq X Ten,SRP198418,PRJNA540079,,540079,SRS4758691,SAMN11523197,simple,60419,Castanea mollissima,II_YM1_1,,,,,,,no,,,,,SOUTHWEST FORESTRY UNIVERSITY,SRA886561,,public,B7DCA0BDAB438D2B07488BBDEFCCE3C2,70EDA51B861F50758441609A88B2ED02
SRR9055945,2019-07-01 01:00:48,2019-05-14 21:18:55,26635341,7990602300,26635341,300,2543,,https://sra-downloadb.be-md.ncbi.nlm.nih.gov/sos12/sra-pub-zq-1214/SRR009/055/SRR9055945.sralite.1,SRX5832185,II_YM1_2,RNA-Seq,Oligo-dT,TRANSCRIPTOMIC,PAIRED,0,0,ILLUMINA,Illumina HiSeq X Ten,SRP198418,PRJNA540079,,540079,SRS4758692,SAMN11523198,simple,60419,Castanea mollissima,II_YM1_2,,,,,,,no,,,,,SOUTHWEST FORESTRY UNIVERSITY,SRA886561,,public,4CEDC745AE88EC58F97251FEA5C6C1A1,E1C9EA0C28ECFA0F8D3F815325498CA8
SRR9055944,2019-07-01 01:00:48,2019-05-14 21:19:10,26202260,7860678000,26202260,300,2445,,https://sra-downloadb.be-md.ncbi.nlm.nih.gov/sos12/sra-pub-zq-1214/SRR009/055/SRR9055944.sralite.1,SRX5832186,II_YM1_3,RNA-Seq,Oligo-dT,TRANSCRIPTOMIC,PAIRED,0,0,ILLUMINA,Illumina HiSeq X Ten,SRP198418,PRJNA540079,,540079,SRS4758693,SAMN11523199,simple,60419,Castanea mollissima,II_YM1_3,,,,,,,no,,,,,SOUTHWEST FORESTRY UNIVERSITY,SRA886561,,public,056CF4909B9FE916FDC38AB277629AB4,9724B1AC83F67EA749789D9B96AE99EA
SRR9055943,2019-07-01 01:00:48,2019-05-14 21:19:13,26345417,7903625100,26345417,300,2464,,https://sra-downloadb.be-md.ncbi.nlm.nih.gov/sos12/sra-pub-zq-1214/SRR009/055/SRR9055943.sralite.1,SRX5832187,II_YM2_1,RNA-Seq,Oligo-dT,TRANSCRIPTOMIC,PAIRED,0,0,ILLUMINA,Illumina HiSeq X Ten,SRP198418,PRJNA540079,,540079,SRS4758694,SAMN11523200,simple,60419,Castanea mollissima,II_YM2_1,,,,,,,no,,,,,SOUTHWEST FORESTRY UNIVERSITY,SRA886561,,public,EC6FAD5FEB751CD34CA1A8E38D68D444,555E22DDB96C88392602D89D19F9C936
SRR9055942,2019-07-01 01:00:48,2019-05-14 21:22:09,33005789,9901736700,33005789,300,3033,,https://sra-downloadb.be-md.ncbi.nlm.nih.gov/sos12/sra-pub-zq-1216/SRR009/055/SRR9055942.sralite.1,SRX5832188,I_YM2_2,RNA-Seq,Oligo-dT,TRANSCRIPTOMIC,PAIRED,0,0,ILLUMINA,Illumina HiSeq X Ten,SRP198418,PRJNA540079,,540079,SRS4758695,SAMN11523183,simple,60419,Castanea mollissima,I_YM2_2,,,,,,,no,,,,,SOUTHWEST FORESTRY UNIVERSITY,SRA886561,,public,01ACE970D5E97E3B129CB5A310D4C9AD,C801DEE7097275BDA44F28360AB28E5E
SRR9055941,2019-07-01 01:00:49,2019-05-14 21:18:45,25714371,7714311300,25714371,300,2346,,https://sra-downloadb.be-md.ncbi.nlm.nih.gov/sos12/sra-pub-zq-1214/SRR009/055/SRR9055941.sralite.1,SRX5832189,I_YM2_3,RNA-Seq,Oligo-dT,TRANSCRIPTOMIC,PAIRED,0,0,ILLUMINA,Illumina HiSeq X Ten,SRP198418,PRJNA540079,,540079,SRS4758696,SAMN11523184,simple,60419,Castanea mollissima,I_YM2_3,,,,,,,no,,,,,SOUTHWEST FORESTRY UNIVERSITY,SRA886561,,public,7E2C57C9CA18142B9EC141716C1D56F7,4C7D79B441B08009D59930C55FE162E0
SRR9055940,2019-07-01 01:00:49,2019-05-14 21:20:31,26538644,7961593200,26538644,300,2476,,https://sra-downloadb.be-md.ncbi.nlm.nih.gov/sos9/sra-pub-zq-922/SRR009/055/SRR9055940.sralite.1,SRX5832190,I_YM1_3,RNA-Seq,Oligo-dT,TRANSCRIPTOMIC,PAIRED,0,0,ILLUMINA,Illumina HiSeq X Ten,SRP198418,PRJNA540079,,540079,SRS4758697,SAMN11523181,simple,60419,Castanea mollissima,I_YM1_3,,,,,,,no,,,,,SOUTHWEST FORESTRY UNIVERSITY,SRA886561,,public,6B928CB2CAF2E57E1A1E924AA0B013FC,A84F6B0BFD5CEDDF332FB404018633CA
SRR9055939,2019-07-01 01:00:49,2019-05-14 21:19:51,27483002,8244900600,27483002,300,2549,,https://sra-downloadb.be-md.ncbi.nlm.nih.gov/sos9/sra-pub-zq-922/SRR009/055/SRR9055939.sralite.1,SRX5832191,I_YM2_1,RNA-Seq,Oligo-dT,TRANSCRIPTOMIC,PAIRED,0,0,ILLUMINA,Illumina HiSeq X Ten,SRP198418,PRJNA540079,,540079,SRS4758698,SAMN11523182,simple,60419,Castanea mollissima,I_YM2_1,,,,,,,no,,,,,SOUTHWEST FORESTRY UNIVERSITY,SRA886561,,public,183AD59EFD441B111F1E96535B85B3CB,C8DA003456DB38C69B343BCD8CAE1618
SRR9055938,2019-07-01 01:00:49,2019-05-14 21:19:32,27195038,8158511400,27195038,300,2556,,https://sra-downloadb.be-md.ncbi.nlm.nih.gov/sos12/sra-pub-zq-1214/SRR009/055/SRR9055938.sralite.1,SRX5832192,I_YM1_1,RNA-Seq,Oligo-dT,TRANSCRIPTOMIC,PAIRED,0,0,ILLUMINA,Illumina HiSeq X Ten,SRP198418,PRJNA540079,,540079,SRS4758699,SAMN11523179,simple,60419,Castanea mollissima,I_YM1_1,,,,,,,no,,,,,SOUTHWEST FORESTRY UNIVERSITY,SRA886561,,public,06A491BC5BD5C2475868D2C6DA62F740,FD9E2046C37DAF5C0BD488B14E691AB0
